city,city_ascii,lat,lng,country,iso2,iso3,admin_name,capital,population,id
Cairo,Cairo,30.05,31.25,Egypt,EG,EGY,Al Qāhirah,primary,11893000,1818253931
Lagos,Lagos,6.4433,3.3915,Nigeria,NG,NGA,Lagos,minor,9466000,1566593751
Kinshasa,Kinshasa,-4.3297,15.315,Congo (Kinshasa),CD,COD,Kinshasa,primary,7843000,1180000363
Luanda,Luanda,-8.8383,13.2344,Angola,AO,AGO,Luanda,primary,5172900,1024949724
Khartoum,Khartoum,15.5881,32.5342,Sudan,SD,SDN,Khartoum,primary,4754000,1729268475
Alexandria,Alexandria,31.2,29.95,Egypt,EG,EGY,Al Iskandarīyah,admin,4165000,1818695837
Abidjan,Abidjan,5.32,-4.04,Côte D’Ivoire,CI,CIV,Abidjan,admin,3802000,1384207980
Johannesburg,Johannesburg,-26.17,28.03,South Africa,ZA,ZAF,Gauteng,admin,3435000,1710550792
Algiers,Algiers,36.7631,3.0506,Algeria,DZ,DZA,Alger,primary,3354000,1012973369
Cape Town,Cape Town,-33.92,18.435,South Africa,ZA,ZAF,Western Cape,primary,3215000,1710680650
Casablanca,Casablanca,33.6,-7.6164,Morocco,MA,MAR,Casablanca-Settat,admin,3181000,1504175315
Kano,Kano,12,8.52,Nigeria,NG,NGA,Kano,admin,3140000,1566422868
Addis Ababa,Addis Ababa,9.0333,38.7,Ethiopia,ET,ETH,Ādīs Ābeba,primary,3100000,1231824991
Nairobi,Nairobi,-1.2833,36.8167,Kenya,KE,KEN,Nairobi City,primary,3010000,1404000661
Benoni,Benoni,-26.1496,28.3299,South Africa,ZA,ZAF,Gauteng,,2986000,1710880986
Dar es Salaam,Dar es Salaam,-6.8,39.2683,Tanzania,TZ,TZA,,primary,2930000,1834843853
Aleppo,Aleppo,36.23,37.17,Syria,SY,SYR,Ḩalab,admin,2738000,1760366651
Durban,Durban,-29.865,30.98,South Africa,ZA,ZAF,KwaZulu-Natal,,2729000,1710149138
El Giza,El Giza,30.01,31.19,Egypt,EG,EGY,Al Jīzah,admin,2681863,1818925479
Ibadan,Ibadan,7.38,3.93,Nigeria,NG,NGA,Oyo,admin,2628000,1566366407
Dakar,Dakar,14.7158,-17.4731,Senegal,SN,SEN,Dakar,primary,2604000,1686604760
Damascus,Damascus,33.5,36.3,Syria,SY,SYR,Dimashq,primary,2466000,1760685964
Tunis,Tunis,36.8028,10.1797,Tunisia,TN,TUN,Tunis,primary,2412500,1788742103
Omdurman,Omdurman,15.6167,32.48,Sudan,SD,SDN,Khartoum,,2395159,1729912179
Tripoli,Tripoli,32.8925,13.18,Libya,LY,LBY,Ţarābulus,primary,2189000,1434201852
Accra,Accra,5.55,-0.2167,Ghana,GH,GHA,Greater Accra,primary,2121000,1288299415
Douala,Douala,4.0604,9.71,Cameroon,CM,CMR,Littoral,admin,1906000,1120494607
Rabat,Rabat,34.0253,-6.8361,Morocco,MA,MAR,Rabat-Salé-Kénitra,primary,1705000,1504023252
Antananarivo,Antananarivo,-18.9166,47.5166,Madagascar,MG,MDG,Antananarivo,primary,1697000,1450978461
Kumasi,Kumasi,6.69,-1.63,Ghana,GH,GHA,Ashanti,admin,1646000,1288181103
Yaounde,Yaounde,3.8667,11.5167,Cameroon,CM,CMR,Centre,primary,1611000,1120298240
Abuja,Abuja,9.0833,7.5333,Nigeria,NG,NGA,Federal Capital Territory,primary,1576000,1566342270
Harare,Harare,-17.8178,31.0447,Zimbabwe,ZW,ZWE,Harare,primary,1572000,1716196799
Conakry,Conakry,9.5315,-13.6802,Guinea,GN,GIN,Conakry,primary,1494000,1324568159
Bamako,Bamako,12.65,-8,Mali,ML,MLI,Bamako,primary,1494000,1466965925
Lomé,Lome,6.1319,1.2228,Togo,TG,TGO,Maritime,primary,1452000,1768409132
Maputo,Maputo,-25.9553,32.5892,Mozambique,MZ,MOZ,Maputo,primary,1446000,1508074843
Kaduna,Kaduna,10.52,7.44,Nigeria,NG,NGA,Kaduna,admin,1442000,1566368729
Kampala,Kampala,0.3167,32.5833,Uganda,UG,UGA,Kampala,primary,1420000,1800406299
Brazzaville,Brazzaville,-4.2592,15.2847,Congo (Brazzaville),CG,COG,Brazzaville,primary,1355000,1178340306
Lubumbashi,Lubumbashi,-11.68,27.48,Congo (Kinshasa),CD,COD,Haut-Katanga,admin,1352000,1180506234
Pretoria,Pretoria,-25.7069,28.2294,South Africa,ZA,ZAF,Gauteng,primary,1338000,1710176249
Lusaka,Lusaka,-15.4166,28.2833,Zambia,ZM,ZMB,Lusaka,primary,1328000,1894157390
Mbuji-Mayi,Mbuji-Mayi,-6.15,23.6,Congo (Kinshasa),CD,COD,Kasaï Oriental,admin,1295000,1180399586
Benin City,Benin City,6.3405,5.62,Nigeria,NG,NGA,Edo,admin,1190000,1566080151
Banghazi,Banghazi,32.1167,20.0667,Libya,LY,LBY,Banghāzī,admin,1180000,1434915572
Ouagadougou,Ouagadougou,12.3703,-1.5247,Burkina Faso,BF,BFA,Centre,primary,1149000,1854029208
Huambo,Huambo,-12.75,15.76,Angola,AO,AGO,Huambo,admin,1100000,1024079828
Mogadishu,Mogadishu,2.0667,45.3667,Somalia,SO,SOM,Banaadir,primary,1100000,1706893395
Ikare,Ikare,7.5304,5.76,Nigeria,NG,NGA,Ondo,minor,1099931,1566683694
Vereeniging,Vereeniging,-26.6496,27.96,South Africa,ZA,ZAF,Gauteng,,1074000,1710271883
Monrovia,Monrovia,6.3106,-10.8048,Liberia,LR,LBR,Montserrado,primary,1041000,1430477826
Port Elizabeth,Port Elizabeth,-33.97,25.6,South Africa,ZA,ZAF,Eastern Cape,,1021000,1710918997
Port Harcourt,Port Harcourt,4.81,7.01,Nigeria,NG,NGA,Rivers,admin,1020000,1566070649
Hims,Hims,34.73,36.72,Syria,SY,SYR,Ḩimş,admin,1005000,1760013934
Fez,Fez,34.0546,-5.0004,Morocco,MA,MAR,Fès-Meknès,admin,1002000,1504861997
Ndjamena,Ndjamena,12.1131,15.0491,Chad,TD,TCD,Ville de N’Djaména,primary,989000,1148708596
Ogbomosho,Ogbomosho,8.13,4.24,Nigeria,NG,NGA,Oyo,minor,951000,1566373448
Djibouti,Djibouti,11.595,43.148,Djibouti,DJ,DJI,Djibouti,primary,923000,1262028958
Niamey,Niamey,13.5167,2.1167,Niger,NE,NER,Niamey,primary,915000,1562932886
Aba,Aba,5.1004,7.35,Nigeria,NG,NGA,Abia,minor,897560,1566262000
Maiduguri,Maiduguri,11.85,13.16,Nigeria,NG,NGA,Borno,admin,896000,1566540296
Zaria,Zaria,11.08,7.71,Nigeria,NG,NGA,Kaduna,minor,889000,1566287704
Mombasa,Mombasa,-4.04,39.6899,Kenya,KE,KEN,Mombasa,admin,882000,1404512373
Marrakesh,Marrakesh,31.63,-8,Morocco,MA,MAR,Marrakech-Safi,admin,872000,1504172585
Kigali,Kigali,-1.9536,30.0605,Rwanda,RW,RWA,,primary,860000,1646923541
Bangui,Bangui,4.3666,18.5583,Central African Republic,CF,CAF,Bangui,primary,831925,1140080881
Warri,Warri,5.52,5.76,Nigeria,NG,NGA,Delta,minor,830106,1566325734
Freetown,Freetown,8.47,-13.2342,Sierra Leone,SL,SLE,Western Area,primary,827000,1694085071
Agadir,Agadir,30.44,-9.62,Morocco,MA,MAR,Souss-Massa,admin,825467,1504116858
Jos,Jos,9.93,8.89,Nigeria,NG,NGA,Plateau,admin,816824,1566773679
Oran,Oran,35.71,-0.62,Algeria,DZ,DZA,Oran,admin,798000,1012126319
Ilorin,Ilorin,8.49,4.55,Nigeria,NG,NGA,Kwara,admin,771000,1566480168
Kananga,Kananga,-5.89,22.4,Congo (Kinshasa),CD,COD,Kasaï Central,admin,765000,1180172460
Cotonou,Cotonou,6.4,2.52,Benin,BJ,BEN,Littoral,primary,762000,1204955174
Pietermaritzburg,Pietermaritzburg,-29.61,30.39,South Africa,ZA,ZAF,KwaZulu-Natal,admin,750845,1710690280
Tangier,Tangier,35.7473,-5.8327,Morocco,MA,MAR,Tanger-Tétouan-Al Hoceïma,admin,750060,1504861504
Nouakchott,Nouakchott,18.0864,-15.9753,Mauritania,MR,MRT,,primary,742144,1478414984
Oyo,Oyo,7.8504,3.93,Nigeria,NG,NGA,Oyo,minor,736072,1566930579
Sokoto,Sokoto,13.06,5.24,Nigeria,NG,NGA,Sokoto,admin,732178,1566574518
Moshi,Moshi,-3.3396,37.34,Tanzania,TZ,TZA,Kilimanjaro,admin,721018,1834217168
Bulawayo,Bulawayo,-20.17,28.58,Zimbabwe,ZW,ZWE,Bulawayo,admin,699385,1716032632
Meknes,Meknes,33.9004,-5.56,Morocco,MA,MAR,Fès-Meknès,,697628,1504333193
Enugu,Enugu,6.45,7.5,Nigeria,NG,NGA,Enugu,admin,688862,1566212729
Pointe-Noire,Pointe-Noire,-4.77,11.88,Congo (Brazzaville),CG,COG,Pointe-Noire,admin,659084,1178411563
Ismaïlia,Ismailia,30.5903,32.26,Egypt,EG,EGY,Al Ismā‘īlīyah,admin,656135,1818532766
Lilongwe,Lilongwe,-13.9833,33.7833,Malawi,MW,MWI,Lilongwe,primary,646750,1454688499
Kikwit,Kikwit,-5.03,18.85,Congo (Kinshasa),CD,COD,Kwilu,admin,637736,1180518247
Bur Said,Bur Said,31.26,32.29,Egypt,EG,EGY,Būr Sa‘īd,admin,623864,1818628574
Asmara,Asmara,15.3333,38.9333,Eritrea,ER,ERI,Ma’ākel,primary,620802,1232791236
Luxor,Luxor,25.7,32.65,Egypt,EG,EGY,Al Uqşur,admin,609248,1818948225
Constantine,Constantine,36.36,6.5999,Algeria,DZ,DZA,Constantine,admin,605179,1012275076
El Mansura,El Mansura,31.0504,31.38,Egypt,EG,EGY,Ad Daqahlīyah,admin,600000,1818255319
Sohag,Sohag,26.5504,31.7,Egypt,EG,EGY,Sūhāj,admin,600000,1818460403
Abeokuta,Abeokuta,7.1604,3.35,Nigeria,NG,NGA,Ogun,admin,593100,1566979497
Blantyre,Blantyre,-15.79,34.9899,Malawi,MW,MWI,Blantyre,admin,584877,1454145012
Kisangani,Kisangani,0.52,25.22,Congo (Kinshasa),CD,COD,Tshopo,admin,578470,1180478201
Libreville,Libreville,0.3854,9.458,Gabon,GA,GAB,Estuaire,primary,578156,1266952885
Bouaké,Bouake,7.69,-5.03,Côte D’Ivoire,CI,CIV,Vallée du Bandama,admin,567481,1384983838
Uyo,Uyo,5.008,7.85,Nigeria,NG,NGA,Akwa Ibom,admin,554906,1566061694
Kenitra,Kenitra,34.2704,-6.58,Morocco,MA,MAR,Rabat-Salé-Kénitra,,551786,1504534876
Matola,Matola,-25.9696,32.46,Mozambique,MZ,MOZ,Maputo,,543907,1508768577
Al Ladhiqiyah,Al Ladhiqiyah,35.54,35.78,Syria,SY,SYR,Al Lādhiqīyah,admin,539147,1760555544
Beira,Beira,-19.82,34.87,Mozambique,MZ,MOZ,Sofala,admin,530604,1508407369
Blida,Blida,36.4203,2.83,Algeria,DZ,DZA,Blida,admin,511348,1012045589
Suez,Suez,30.005,32.5499,Egypt,EG,EGY,As Suways,admin,508335,1818495972
Damanhûr,Damanhur,31.0504,30.47,Egypt,EG,EGY,Al Buḩayrah,admin,500000,1818708838
El Minya,El Minya,28.09,30.75,Egypt,EG,EGY,Al Minyā,admin,500000,1818607968
Awka,Awka,6.2104,7.07,Nigeria,NG,NGA,Anambra,admin,500000,1566560581
Douma,Douma,33.5833,36.4,Syria,SY,SYR,Rīf Dimashq,minor,496145,1760821818
Mwanza,Mwanza,-2.52,32.93,Tanzania,TZ,TZA,Mwanza,admin,493944,1834011288
Port Sudan,Port Sudan,19.6158,37.2164,Sudan,SD,SDN,Red Sea,admin,489725,1729710259
Beni Suef,Beni Suef,29.0804,31.09,Egypt,EG,EGY,Banī Suwayf,admin,489450,1818902849
Ife,Ife,7.4804,4.56,Nigeria,NG,NGA,Osun,minor,482365,1566756897
Nazret,Nazret,8.55,39.27,Ethiopia,ET,ETH,Oromīya,,476892,1231826873
Bloemfontein,Bloemfontein,-29.12,26.2299,South Africa,ZA,ZAF,Free State,primary,463064,1710495933
Calabar,Calabar,4.9604,8.33,Nigeria,NG,NGA,Cross River,admin,461796,1566495489
Hamah,Hamah,35.1503,36.73,Syria,SY,SYR,Ḩamāh,admin,460602,1760197502
Sfax,Sfax,34.75,10.72,Tunisia,TN,TUN,Sfax,admin,453050,1788741658
Chlef,Chlef,36.1704,1.32,Algeria,DZ,DZA,Chlef,admin,449167,1012772239
Ado Ekiti,Ado Ekiti,7.6304,5.22,Nigeria,NG,NGA,Ekiti,admin,446749,1566196391
Bamenda,Bamenda,5.96,10.15,Cameroon,CM,CMR,North-West,admin,445299,1120909610
Garoua,Garoua,9.3,13.39,Cameroon,CM,CMR,Nord,admin,436899,1120803808
Bukavu,Bukavu,-2.51,28.84,Congo (Kinshasa),CD,COD,Sud-Kivu,admin,436779,1180475821
Likasi,Likasi,-10.97,26.78,Congo (Kinshasa),CD,COD,Haut-Katanga,,434408,1180978192
Katsina,Katsina,12.9904,7.6,Nigeria,NG,NGA,Katsina,admin,432149,1566777297
Welkom,Welkom,-27.97,26.73,South Africa,ZA,ZAF,Free State,,431944,1710480365
Akure,Akure,7.2504,5.2,Nigeria,NG,NGA,Ondo,admin,420594,1566568277
Asyut,Asyut,27.19,31.1799,Egypt,EG,EGY,Asyūţ,admin,420585,1818456592
Kolwezi,Kolwezi,-10.7167,25.4724,Congo (Kinshasa),CD,COD,Lualaba,admin,418000,1180380965
Oujda,Oujda,34.69,-1.91,Morocco,MA,MAR,Oriental,admin,409391,1504891036
Oshogbo,Oshogbo,7.7704,4.56,Nigeria,NG,NGA,Osun,admin,408245,1566395088
Tanta,Tanta,30.7904,31,Egypt,EG,EGY,Al Gharbīyah,admin,404901,1818501770
Kitwe,Kitwe,-12.81,28.22,Zambia,ZM,ZMB,Copperbelt,,404901,1894321752
Zanzibar,Zanzibar,-6.16,39.2,Tanzania,TZ,TZA,Zanzibar Urban/West,admin,403658,1834823848
Bissau,Bissau,11.865,-15.5984,Guinea-Bissau,GW,GNB,Bissau,primary,403339,1624168850
Mbale,Mbale,1.0904,34.17,Uganda,UG,UGA,Mbale,admin,402368,1800265900
Kassala,Kassala,15.46,36.39,Sudan,SD,SDN,Kassala,admin,401477,1729157224
Ndola,Ndola,-12.9999,28.65,Zambia,ZM,ZMB,Copperbelt,admin,396339,1894032745
Kisumu,Kisumu,-0.09,34.75,Kenya,KE,KEN,Kisumu,admin,395615,1404511920
El Obeid,El Obeid,13.1833,30.2167,Sudan,SD,SDN,North Kordofan,admin,393311,1729215531
Niyala,Niyala,12.06,24.89,Sudan,SD,SDN,South Darfur,admin,392373,1729833248
Nampula,Nampula,-15.136,39.293,Mozambique,MZ,MOZ,Nampula,admin,388526,1508958445
Misratah,Misratah,32.38,15.1,Libya,LY,LBY,Mişrātah,admin,386120,1434518407
Béjaïa,Bejaia,36.7604,5.07,Algeria,DZ,DZA,Bejaïa,admin,384937,1012140298
Valletta,Valletta,35.8997,14.5147,Malta,MT,MLT,Valletta,primary,368250,1470574399
Nakuru,Nakuru,-0.28,36.07,Kenya,KE,KEN,Nakuru,admin,364727,1404140179
Maseru,Maseru,-29.3167,27.4833,Lesotho,LS,LSO,Maseru,primary,361324,1426977668
Tamale,Tamale,9.4004,-0.84,Ghana,GH,GHA,Northern,admin,360579,1288890688
Bobo Dioulasso,Bobo Dioulasso,11.18,-4.29,Burkina Faso,BF,BFA,Hauts-Bassins,admin,360106,1854348796
Safi,Safi,32.32,-9.24,Morocco,MA,MAR,Marrakech-Safi,,353476,1504000717
Eldoret,Eldoret,0.52,35.27,Kenya,KE,KEN,Uasin Gishu,admin,353381,1404676289
Kosti,Kosti,13.17,32.66,Sudan,SD,SDN,White Nile,,345068,1729229371
Arusha,Arusha,-3.36,36.67,Tanzania,TZ,TZA,Arusha,admin,341136,1834484937
Chitungwiza,Chitungwiza,-18,31.1,Zimbabwe,ZW,ZWE,Harare,,340360,1716688236
East London,East London,-32.97,27.87,South Africa,ZA,ZAF,Eastern Cape,,338627,1710178149
Beni,Beni,0.4904,29.45,Congo (Kinshasa),CD,COD,Nord-Kivu,,332903,1180325051
Medani,Medani,14.4,33.52,Sudan,SD,SDN,Al Gazira,admin,332714,1729581572
Bujumbura,Bujumbura,-3.3761,29.36,Burundi,BI,BDI,,primary,331700,1108101689
Sousse,Sousse,35.83,10.625,Tunisia,TN,TUN,Sousse,admin,327004,1788927583
Maroua,Maroua,10.5956,14.3247,Cameroon,CM,CMR,Extrême-Nord,admin,319941,1120956931
El Faiyum,El Faiyum,29.31,30.84,Egypt,EG,EGY,Al Fayyūm,admin,316772,1818281002
Bauchi,Bauchi,10.3104,9.84,Nigeria,NG,NGA,Bauchi,admin,316149,1566483284
Aswan,Aswan,24.0875,32.8989,Egypt,EG,EGY,Aswān,admin,313442,1818262512
Sapele,Sapele,5.8904,5.68,Nigeria,NG,NGA,Delta,minor,309162,1566310893
Dayr az Zawr,Dayr az Zawr,35.3304,40.13,Syria,SY,SYR,Dayr az Zawr,admin,309141,1760792603
Antsirabe,Antsirabe,-19.85,47.0333,Madagascar,MG,MDG,Antananarivo,minor,307921,1450791699
Ksar El Kebir,Ksar El Kebir,35.0204,-5.91,Morocco,MA,MAR,Tanger-Tétouan-Al Hoceïma,,306600,1504230428
Hatay,Hatay,36.2304,36.12,Turkey,TR,TUR,Hatay,admin,305564,1792115763
Kom Ombo,Kom Ombo,24.47,32.95,Egypt,EG,EGY,Aswān,,303962,1818527731
Qena,Qena,26.1505,32.72,Egypt,EG,EGY,Qinā,admin,302027,1818868450
Jinja,Jinja,0.4404,33.1999,Uganda,UG,UGA,Jinja,admin,301619,1800632405
Porto-Novo,Porto-Novo,6.4833,2.6166,Benin,BJ,BEN,Ouémé,primary,300000,1204172060
Dumyat,Dumyat,31.4204,31.82,Egypt,EG,EGY,Dumyāţ,admin,299459,1818333966
İskenderun,Iskenderun,36.5804,36.17,Turkey,TR,TUR,Hatay,minor,297943,1792962911
Thiès,Thies,14.8104,-16.93,Senegal,SN,SEN,Thiès,admin,293001,1686527948
Makurdi,Makurdi,7.73,8.53,Nigeria,NG,NGA,Benue,admin,292645,1566873994
Minna,Minna,9.62,6.55,Nigeria,NG,NGA,Niger,admin,291905,1566285237
Mbeya,Mbeya,-8.89,33.43,Tanzania,TZ,TZA,Mbeya,admin,291649,1834396594
Bafoussam,Bafoussam,5.4904,10.4099,Cameroon,CM,CMR,Ouest,admin,290768,1120435460
Butembo,Butembo,0.13,29.28,Congo (Kinshasa),CD,COD,Nord-Kivu,,286403,1180446432
Sekondi,Sekondi,4.9433,-1.704,Ghana,GH,GHA,Western,admin,286248,1288186231
Zagazig,Zagazig,30.5833,31.5167,Egypt,EG,EGY,Ash Sharqīyah,admin,285097,1818017750
Batna,Batna,35.57,6.17,Algeria,DZ,DZA,Batna,admin,280798,1012093229
Kaolack,Kaolack,14.15,-16.1,Senegal,SN,SEN,Kaolack,admin,277812,1686256343
Owo,Owo,7.2004,5.59,Nigeria,NG,NGA,Ondo,minor,276574,1566833788
Mbandaka,Mbandaka,0.04,18.26,Congo (Kinshasa),CD,COD,Équateur,admin,274996,1180720887
Sétif,Setif,36.18,5.4,Algeria,DZ,DZA,Sétif,admin,274744,1012981116
Gombe,Gombe,10.2904,11.17,Nigeria,NG,NGA,Gombe,admin,270366,1566855445
Thohoyandou,Thohoyandou,-22.95,30.48,South Africa,ZA,ZAF,Limpopo,,269707,1710219075
Windhoek,Windhoek,-22.57,17.0835,Namibia,NA,NAM,Khomas,primary,268132,1516802003
Tshikapa,Tshikapa,-6.41,20.77,Congo (Kinshasa),CD,COD,Kasaï,,267462,1180581239
Umuahia,Umuahia,5.532,7.486,Nigeria,NG,NGA,Abia,admin,264662,1566217980
Tubruq,Tubruq,32.08,23.96,Libya,LY,LBY,Al Buţnān,admin,263527,1434068493
Kindu,Kindu,-2.9639,25.91,Congo (Kinshasa),CD,COD,Maniema,admin,262914,1180106925
Mendefera,Mendefera,14.886,38.8163,Eritrea,ER,ERI,Debub,admin,257390,1232751882
Ondo,Ondo,7.0904,4.84,Nigeria,NG,NGA,Ondo,minor,257005,1566993724
Chimoio,Chimoio,-19.12,33.47,Mozambique,MZ,MOZ,Manica,admin,256936,1508460246
Damaturu,Damaturu,11.749,11.966,Nigeria,NG,NGA,Yobe,admin,255895,1566897107
Daloa,Daloa,6.89,-6.45,Côte D’Ivoire,CI,CIV,Sassandra-Marahoué,admin,255168,1384564974
El Fasher,El Fasher,13.63,25.35,Sudan,SD,SDN,North Darfur,admin,252609,1729372385
Dire Dawa,Dire Dawa,9.59,41.86,Ethiopia,ET,ETH,Dirē Dawa,admin,252279,1231089714
Morogoro,Morogoro,-6.82,37.66,Tanzania,TZ,TZA,Morogoro,admin,250902,1834185429
Iwo,Iwo,7.63,4.18,Nigeria,NG,NGA,Osun,minor,250443,1566462707
Arua,Arua,3.0204,30.9,Uganda,UG,UGA,Arua,admin,250000,1800812511
Mutare,Mutare,-18.97,32.65,Zimbabwe,ZW,ZWE,Manicaland,admin,249365,1716060405
Matadi,Matadi,-5.8166,13.45,Congo (Kinshasa),CD,COD,Kongo Central,admin,245862,1180529604
Springs,Springs,-26.2696,28.43,South Africa,ZA,ZAF,Gauteng,,236083,1710058382
Kismaayo,Kismaayo,-0.3566,42.5183,Somalia,SO,SOM,Jubbada Hoose,admin,234852,1706091701
Maradi,Maradi,13.4916,7.0964,Niger,NE,NER,Maradi,admin,232555,1562200314
Ngaoundéré,Ngaoundere,7.3204,13.58,Cameroon,CM,CMR,Adamaoua,admin,231357,1120011020
Zinder,Zinder,13.8,8.9833,Niger,NE,NER,Zinder,admin,230358,1562758258
Tlimcen,Tlimcen,34.8904,-1.32,Algeria,DZ,DZA,Tlemcen,admin,229777,1012978325
Uitenhage,Uitenhage,-33.7596,25.39,South Africa,ZA,ZAF,Eastern Cape,,228912,1710276157
Er Rachidia,Er Rachidia,31.9404,-4.45,Morocco,MA,MAR,Drâa-Tafilalet,,228489,1504005759
Gusau,Gusau,12.1704,6.66,Nigeria,NG,NGA,Zamfara,admin,226857,1566383682
Sikasso,Sikasso,11.3204,-5.68,Mali,ML,MLI,Sikasso,admin,225753,1466666150
Mubi,Mubi,10.2703,13.27,Nigeria,NG,NGA,Adamawa,minor,225705,1566265170
Nyanza,Nyanza,-2.3496,29.74,Rwanda,RW,RWA,Southern Province,admin,225209,1646257566
Tanga,Tanga,-5.07,39.09,Tanzania,TZ,TZA,Tanga,admin,224876,1834004568
Nacala,Nacala,-14.5186,40.715,Mozambique,MZ,MOZ,Nampula,,224795,1508752825
Nicosia,Nicosia,35.1667,33.3666,Cyprus,CY,CYP,Lefkosía,primary,224300,1196944155
Gueckedou,Gueckedou,8.554,-10.151,Guinea,GN,GIN,N’Zérékoré,minor,221715,1324580681
Polokwane,Polokwane,-23.89,29.45,South Africa,ZA,ZAF,Limpopo,admin,220045,1710908010
Gabès,Gabes,33.9004,10.1,Tunisia,TN,TUN,Gabès,admin,219517,1788064276
Dodoma,Dodoma,-6.1833,35.75,Tanzania,TZ,TZA,,primary,218269,1834288497
Bertoua,Bertoua,4.5804,13.68,Cameroon,CM,CMR,Est,admin,218111,1120406967
Mallawi,Mallawi,27.7304,30.84,Egypt,EG,EGY,Al Minyā,,217365,1818284236
Owerri,Owerri,5.493,7.026,Nigeria,NG,NGA,Imo,admin,215038,1566679132
Limbe,Limbe,4.0304,9.19,Cameroon,CM,CMR,South-West,,212474,1120635273
San-Pedro,San-Pedro,4.7704,-6.64,Côte D’Ivoire,CI,CIV,Bas-Sassandra,admin,210273,1384436547
Toamasina,Toamasina,-18.1818,49.405,Madagascar,MG,MDG,Toamasina,admin,210226,1450540529
Ijebu Ode,Ijebu Ode,6.8204,3.92,Nigeria,NG,NGA,Ogun,minor,209175,1566495747
Tema,Tema,5.6404,0.01,Ghana,GH,GHA,Greater Accra,,209000,1288205885
Sidi bel Abbes,Sidi bel Abbes,35.1903,-0.64,Algeria,DZ,DZA,Sidi Bel Abbès,admin,208604,1012123414
Gaborone,Gaborone,-24.6463,25.9119,Botswana,BW,BWA,Gaborone,primary,208411,1072756768
Lobito,Lobito,-12.37,13.5412,Angola,AO,AGO,Benguela,,207932,1024128946
Bahir Dar,Bahir Dar,11.6001,37.3833,Ethiopia,ET,ETH,Āmara,admin,206748,1231784118
Yamoussoukro,Yamoussoukro,6.8184,-5.2755,Côte D’Ivoire,CI,CIV,Yamoussoukro,primary,206499,1384683557
Kalemie,Kalemie,-5.9333,29.2,Congo (Kinshasa),CD,COD,Tanganyika,admin,206257,1180574233
Funchal,Funchal,32.65,-16.88,Portugal,PT,PRT,Madeira,admin,204767,1620995356
Edéa,Edea,3.8005,10.12,Cameroon,CM,CMR,Littoral,,203149,1120546542
Djougou,Djougou,9.7004,1.68,Benin,BJ,BEN,Donga,admin,202810,1204972666
Biskra,Biskra,34.86,5.73,Algeria,DZ,DZA,Biskra,admin,202103,1012947247
Al Khums,Al Khums,32.6604,14.26,Libya,LY,LBY,Al Marqab,admin,201943,1434348717
Gedaref,Gedaref,14.04,35.38,Sudan,SD,SDN,Al Gedaref,admin,201282,1729215057
Az Zawiyah,Az Zawiyah,32.7604,12.72,Libya,LY,LBY,Az Zāwiyah,admin,200000,1434421178
Nema,Nema,16.6171,-7.25,Mauritania,MR,MRT,Hodh ech Chargui,admin,200000,1478009046
Kasama,Kasama,-10.1996,31.1799,Zambia,ZM,ZMB,Northern,admin,200000,1894305215
Taza,Taza,34.2204,-4.02,Morocco,MA,MAR,Fès-Meknès,,199633,1504405154
Rashid,Rashid,31.4604,30.39,Egypt,EG,EGY,Al Buḩayrah,,199509,1818868679
Gemena,Gemena,3.26,19.77,Congo (Kinshasa),CD,COD,Sud-Ubangi,admin,198056,1180000163
Mbanza-Ngungu,Mbanza-Ngungu,-5.2496,14.86,Congo (Kinshasa),CD,COD,Kongo Central,,197545,1180474388
Brikama,Brikama,13.2804,-16.6599,"Gambia, The",GM,GMB,Western,admin,195136,1270953861
Bongor,Bongor,10.2859,15.3872,Chad,TD,TCD,Mayo-Kébbi Est,admin,193941,1148833900
Ziguinchor,Ziguinchor,12.59,-16.29,Senegal,SN,SEN,Ziguinchor,admin,191716,1686273643
Mwene-Ditu,Mwene-Ditu,-7,23.44,Congo (Kinshasa),CD,COD,Lomami,,189177,1180134137
Kabwe,Kabwe,-14.44,28.45,Zambia,ZM,ZMB,Central,admin,188979,1894711746
Quelimane,Quelimane,-17.88,36.89,Mozambique,MZ,MOZ,Zambézia,admin,188964,1508396687
Parakou,Parakou,9.34,2.62,Benin,BJ,BEN,Borgou,admin,188853,1204807468
Mostaganem,Mostaganem,35.9404,0.09,Algeria,DZ,DZA,Mostaganem,admin,188354,1012061703
Paarl,Paarl,-33.6996,18.96,South Africa,ZA,ZAF,Western Cape,,187865,1710440011
Gibraltar,Gibraltar,36.1324,-5.3781,Gibraltar,GI,GIB,,primary,187083,1292385245
Shendi,Shendi,16.6805,33.42,Sudan,SD,SDN,River Nile,,186611,1729244380
Ad Damazīn,Ad Damazin,11.7704,34.35,Sudan,SD,SDN,Blue Nile,admin,186051,1729684147
Jamaame,Jamaame,0.0722,42.7506,Somalia,SO,SOM,Jubbada Hoose,,185270,1706288768
Yei,Yei,4.0904,30.68,South Sudan,SS,SSD,Central Equatoria,,185000,1728607274
Tiarat,Tiarat,35.3804,1.32,Algeria,DZ,DZA,Tiaret,admin,184195,1012785868
Fianarantsoa,Fianarantsoa,-21.4333,47.0833,Madagascar,MG,MDG,Fianarantsoa,admin,184184,1450070223
Dese,Dese,11.13,39.63,Ethiopia,ET,ETH,Āmara,,183802,1231359719
Gweru,Gweru,-19.45,29.82,Zimbabwe,ZW,ZWE,Midlands,admin,183358,1716621481
Shibin el Kom,Shibin el Kom,30.592,30.9,Egypt,EG,EGY,Al Minūfīyah,admin,182900,1818787044
Chingola,Chingola,-12.5396,27.85,Zambia,ZM,ZMB,Copperbelt,,182015,1894202007
Funtua,Funtua,11.5204,7.32,Nigeria,NG,NGA,Katsina,minor,180475,1566877863
El Jadida,El Jadida,33.2604,-8.51,Morocco,MA,MAR,Casablanca-Settat,,180470,1504964063
Zuwarah,Zuwarah,32.9344,12.0791,Libya,LY,LBY,An Nuqāţ al Khams,admin,180310,1434206265
Obuasi,Obuasi,6.1904,-1.66,Ghana,GH,GHA,Ashanti,,180117,1288615192
Klerksdorp,Klerksdorp,-26.88,26.62,South Africa,ZA,ZAF,North West,,178921,1710416691
El Arish,El Arish,31.1249,33.8006,Egypt,EG,EGY,Shamāl Sīnā’,admin,178651,1818291145
Boma,Boma,-5.83,13.05,Congo (Kinshasa),CD,COD,Kongo Central,,178638,1180611452
Korhogo,Korhogo,9.46,-5.64,Côte D’Ivoire,CI,CIV,Savanes,admin,177711,1384205840
Ar Raqqah,Ar Raqqah,35.9304,39.02,Syria,SY,SYR,Ar Raqqah,admin,177636,1760035911
El Oued,El Oued,33.3704,6.86,Algeria,DZ,DZA,El Oued,admin,177497,1012148937
Kadugli,Kadugli,11.01,29.7,Sudan,SD,SDN,South Kordofan,admin,176931,1729757472
Ouargla,Ouargla,31.97,5.34,Algeria,DZ,DZA,Ouargla,admin,176271,1012425687
Entebbe,Entebbe,0.0604,32.46,Uganda,UG,UGA,Wakiso,,175128,1800535915
Harar,Harar,9.32,42.15,Ethiopia,ET,ETH,Hārerī Hizb,admin,174994,1231785978
George,George,-33.95,22.45,South Africa,ZA,ZAF,Western Cape,,174582,1710164136
Bo,Bo,7.97,-11.74,Sierra Leone,SL,SLE,Southern,admin,174354,1694651111
Bida,Bida,9.0804,6.01,Nigeria,NG,NGA,Niger,minor,173849,1566468363
Bata,Bata,1.87,9.77,Equatorial Guinea,GQ,GNQ,Litoral,admin,173046,1226528087
Tébessa,Tebessa,35.4104,8.12,Algeria,DZ,DZA,Tébessa,admin,171742,1012196375
Djelfa,Djelfa,34.68,3.25,Algeria,DZ,DZA,Djelfa,admin,170901,1012268984
Uvira,Uvira,-3.37,29.14,Congo (Kinshasa),CD,COD,Sud-Kivu,,170391,1180205443
Al Marj,Al Marj,32.5005,20.83,Libya,LY,LBY,Al Marj,admin,169540,1434742923
Sarh,Sarh,9.15,18.39,Chad,TD,TCD,Moyen-Chari,admin,169196,1148442794
Atbara,Atbara,17.71,33.98,Sudan,SD,SDN,River Nile,,168612,1729042522
Nzérékoré,Nzerekore,7.76,-8.83,Guinea,GN,GIN,N’Zérékoré,admin,168121,1324336588
Benha,Benha,30.4667,31.1833,Egypt,EG,EGY,Al Qalyūbīyah,admin,167029,1818596265
Rustenburg,Rustenburg,-25.65,27.24,South Africa,ZA,ZAF,North West,,165976,1710326039
Livingstone,Livingstone,-17.86,25.86,Zambia,ZM,ZMB,Southern,,165480,1894634581
Kimberley,Kimberley,-28.7468,24.77,South Africa,ZA,ZAF,Northern Cape,admin,165264,1710282622
Kigoma,Kigoma,-4.8796,29.61,Tanzania,TZ,TZA,Kigoma,admin,164268,1834583327
Geneina,Geneina,13.45,22.44,Sudan,SD,SDN,West Darfur,admin,162981,1729642412
Tartus,Tartus,34.8846,35.8866,Syria,SY,SYR,Ţarţūs,admin,162980,1760695473
Settat,Settat,33.0104,-7.62,Morocco,MA,MAR,Casablanca-Settat,,161748,1504720478
Bhisho,Bhisho,-32.87,27.39,South Africa,ZA,ZAF,Eastern Cape,admin,160997,1710672530
Malakal,Malakal,9.5369,31.656,South Sudan,SS,SSD,Upper Nile,admin,160765,1728299711
Bumba,Bumba,2.19,22.46,Congo (Kinshasa),CD,COD,Mongala,,160539,1180549980
Zarzis,Zarzis,33.5104,11.1,Tunisia,TN,TUN,Médenine,,159161,1788933524
Abéché,Abeche,13.84,20.83,Chad,TD,TCD,Ouaddaï,admin,158317,1148461151
Hurghada,Hurghada,27.23,33.83,Egypt,EG,EGY,Al Baḩr al Aḩmar,admin,157204,1818666245
Isiro,Isiro,2.76,27.62,Congo (Kinshasa),CD,COD,Haut-Uélé,admin,157196,1180183850
Moundou,Moundou,8.55,16.09,Chad,TD,TCD,Logone Occidental,admin,156705,1148369114
Koforidua,Koforidua,6.0904,-0.26,Ghana,GH,GHA,Eastern,admin,156653,1288961962
Gondar,Gonder,12.61,37.46,Ethiopia,ET,ETH,Āmara,,156230,1231234833
Malabo,Malabo,3.75,8.7833,Equatorial Guinea,GQ,GNQ,Bioko Norte,primary,155963,1226861333
Middelburg,Middelburg,-25.7596,29.47,South Africa,ZA,ZAF,Mpumalanga,,154706,1710495632
Mahajanga,Mahajanga,-15.67,46.345,Madagascar,MG,MDG,Mahajanga,admin,154657,1450421961
Gandajika,Gandajika,-6.7396,23.96,Congo (Kinshasa),CD,COD,Lomami,,154425,1180466776
Lemosos,Lemosos,34.6754,33.0333,Cyprus,CY,CYP,Lemesós,admin,154000,1196136222
Moanda,Moanda,-5.9229,12.355,Congo (Kinshasa),CD,COD,Kongo Central,,153915,1180108441
Mufulira,Mufulira,-12.55,28.26,Zambia,ZM,ZMB,Copperbelt,,153624,1894907880
Samalut,Samalut,28.3004,30.71,Egypt,EG,EGY,Al Minyā,,152097,1818180512
Luanshya,Luanshya,-13.1333,28.4,Zambia,ZM,ZMB,Copperbelt,,151993,1894410334
El Manaqil,El Manaqil,14.2504,32.98,Sudan,SD,SDN,Al Gazira,,151827,1729742500
Benguela,Benguela,-12.5783,13.4072,Angola,AO,AGO,Benguela,admin,151226,1024141961
Kitale,Kitale,1.0305,34.9899,Kenya,KE,KEN,Trans Nzoia,admin,150495,1404890081
Vryheid,Vryheid,-27.76,30.79,South Africa,ZA,ZAF,KwaZulu-Natal,,150012,1710716158
M'sila,M'sila,35.7,4.545,Algeria,DZ,DZA,M’sila,admin,150000,1012857730
Keren,Keren,15.6804,38.45,Eritrea,ER,ERI,Ānseba,admin,150000,1232693598
Tororo,Tororo,0.7104,34.17,Uganda,UG,UGA,Tororo,admin,150000,1800214991
Diourbel,Diourbel,14.6604,-16.24,Senegal,SN,SEN,Diourbel,admin,148024,1686087214
Jijel,Jijel,36.822,5.766,Algeria,DZ,DZA,Jijel,admin,148000,1012782547
Médéa,Medea,36.2704,2.77,Algeria,DZ,DZA,Médéa,admin,147707,1012758282
Man,Man,7.4004,-7.55,Côte D’Ivoire,CI,CIV,Montagnes,admin,146974,1384112524
Wamba,Wamba,2.1404,27.99,Congo (Kinshasa),CD,COD,Haut-Uélé,,146871,1180866253
Gulu,Gulu,2.78,32.28,Uganda,UG,UGA,Gulu,admin,146858,1800406007
Gharyan,Gharyan,32.1704,13.02,Libya,LY,LBY,Al Jabal al Gharbī,admin,146810,1434507846
Tabora,Tabora,-5.02,32.8,Tanzania,TZ,TZA,Tabora,admin,146495,1834712235
Dar'a,Dar'a,32.625,36.105,Syria,SY,SYR,Dar‘ā,admin,146481,1760427038
Machakos,Machakos,-1.5095,37.26,Kenya,KE,KEN,Machakos,admin,144925,1404746781
Qairouan,Qairouan,35.6804,10.1,Tunisia,TN,TUN,Kairouan,admin,144522,1788844707
Kumba,Kumba,4.6404,9.44,Cameroon,CM,CMR,South-West,,144413,1120492761
Goma,Goma,-1.6788,29.2218,Congo (Kinshasa),CD,COD,Nord-Kivu,admin,144124,1180805022
Tizi-Ouzou,Tizi-Ouzou,36.8,4.0333,Algeria,DZ,DZA,Tizi Ouzou,admin,144000,1012126997
Kafr el Sheikh,Kafr el Sheikh,31.109,30.936,Egypt,EG,EGY,Kafr ash Shaykh,admin,143970,1818743040
Ajdabiya,Ajdabiya,30.77,20.22,Libya,LY,LBY,Al Wāḩāt,admin,143833,1434401280
Béchar,Bechar,31.6111,-2.23,Algeria,DZ,DZA,Béchar,admin,143382,1012371820
Kenema,Kenema,7.8804,-11.19,Sierra Leone,SL,SLE,Eastern,admin,143137,1694780903
Cape Coast,Cape Coast,5.1104,-1.25,Ghana,GH,GHA,Central,admin,143015,1288506097
Massawa,Massawa,15.6101,39.45,Eritrea,ER,ERI,Semēnawī K’eyih Bahrī,admin,142564,1232344222
Saïda,Saida,34.8404,0.14,Algeria,DZ,DZA,Saïda,admin,142213,1012285874
Labé,Labe,11.32,-12.3,Guinea,GN,GIN,Labé,admin,140575,1324900784
Bordj Bou Arréridj,Bordj Bou Arreridj,36.059,4.63,Algeria,DZ,DZA,Bordj Bou Arréridj,admin,140000,1012016677
Umtata,Umtata,-31.58,28.79,South Africa,ZA,ZAF,Eastern Cape,,137772,1710651314
Iraklio,Iraklio,35.325,25.1305,Greece,GR,GRC,Kríti,admin,137154,1300777854
Lira,Lira,2.2604,32.89,Uganda,UG,UGA,Lira,admin,135445,1800877735
Souk Ahras,Souk Ahras,36.2904,7.95,Algeria,DZ,DZA,Souk Ahras,admin,134947,1012419619
Touggourt,Touggourt,33.1,6.06,Algeria,DZ,DZA,Ouargla,,133954,1012546670
Musoma,Musoma,-1.4896,33.8,Tanzania,TZ,TZA,Mara,admin,133156,1834100025
Awasa,Awasa,7.06,38.477,Ethiopia,ET,ETH,YeDebub Bihēroch Bihēreseboch na Hizboch,admin,133097,1231663122
Namibe,Namibe,-15.19,12.16,Angola,AO,AGO,Namibe,admin,132900,1024785067
Sennar,Sennar,13.55,33.6,Sudan,SD,SDN,Sennar,,130122,1729986512
Baydhabo,Baydhabo,3.12,43.65,Somalia,SO,SOM,Bay,admin,129839,1706563100
Tete,Tete,-16.17,33.58,Mozambique,MZ,MOZ,Tete,admin,129316,1508476900
Idlib,Idlib,35.9297,36.6317,Syria,SY,SYR,Idlib,admin,128840,1760305230
Xai-Xai,Xai-Xai,-25.04,33.64,Mozambique,MZ,MOZ,Gaza,admin,128805,1508689070
Kamina,Kamina,-8.73,25.01,Congo (Kinshasa),CD,COD,Haut-Lomami,admin,128803,1180363197
Moroni,Moroni,-11.7042,43.2402,Comoros,KM,COM,Grande Comore,primary,128698,1174793581
Jima,Jima,7.68,36.83,Ethiopia,ET,ETH,Oromīya,,128306,1231214366
Girga,Girga,26.3304,31.88,Egypt,EG,EGY,Sūhāj,,128250,1818327836
Surt,Surt,31.21,16.59,Libya,LY,LBY,Surt,admin,128123,1434563640
Al Hasakah,Al Hasakah,36.4833,40.75,Syria,SY,SYR,Al Ḩasakah,admin,128100,1760476337
Darnah,Darnah,32.7648,22.6391,Libya,LY,LBY,Darnah,admin,127974,1434920152
Divo,Divo,5.839,-5.36,Côte D’Ivoire,CI,CIV,Gôh-Djiboua,minor,127867,1384831436
Worcester,Worcester,-33.64,19.4399,South Africa,ZA,ZAF,Western Cape,,127597,1710498245
Tukuyu,Tukuyu,-9.2496,33.64,Tanzania,TZ,TZA,Mbeya,,127570,1834960117
Wau,Wau,7.7,27.99,South Sudan,SS,SSD,Western Bahr el Ghazal,admin,127384,1728877501
Lafia,Lafia,8.4904,8.52,Nigeria,NG,NGA,Nasarawa,admin,127236,1566042542
Gafsa,Gafsa,34.4204,8.78,Tunisia,TN,TUN,Gafsa,admin,126803,1788454569
Songea,Songea,-10.68,35.65,Tanzania,TZ,TZA,Ruvuma,admin,126449,1834461509
Malanje,Malanje,-9.54,16.34,Angola,AO,AGO,Malanje,admin,125856,1024774947
Gashua,Gashua,12.8705,11.04,Nigeria,NG,NGA,Yobe,minor,125817,1566925429
Lubango,Lubango,-14.91,13.49,Angola,AO,AGO,Huíla,,125632,1024906558
Kumbo,Kumbo,6.2204,10.68,Cameroon,CM,CMR,North-West,,125486,1120679288
Ghardaia,Ghardaia,32.49,3.67,Algeria,DZ,DZA,Ghardaïa,admin,125480,1012074690
Potchefstroom,Potchefstroom,-26.6996,27.1,South Africa,ZA,ZAF,North West,,123669,1710838885
Guelma,Guelma,36.466,7.428,Algeria,DZ,DZA,Guelma,admin,123590,1012266321
Gagnoa,Gagnoa,6.1504,-5.88,Côte D’Ivoire,CI,CIV,Gôh-Djiboua,admin,123184,1384138010
Ségou,Segou,13.44,-6.26,Mali,ML,MLI,Ségou,admin,122952,1466684950
Brits,Brits,-25.6296,27.78,South Africa,ZA,ZAF,North West,,122497,1710468143
Manbij,Manbij,36.5266,37.9563,Syria,SY,SYR,Ḩalab,minor,120169,1760355581
Larache,Larache,35.2004,-6.16,Morocco,MA,MAR,Tanger-Tétouan-Al Hoceïma,,120082,1504637172
Maxixe,Maxixe,-23.866,35.3886,Mozambique,MZ,MOZ,Inhambane,,119868,1508002342
Bandundu,Bandundu,-3.31,17.38,Congo (Kinshasa),CD,COD,Kwilu,,118211,1180219776
Bama,Bama,11.5204,13.69,Nigeria,NG,NGA,Borno,minor,118121,1566590565
Sokodé,Sokode,8.9905,1.15,Togo,TG,TGO,Centrale,admin,117811,1768875145
Agadez,Agadez,16.9959,7.9828,Niger,NE,NER,Agadez,admin,117770,1562789067
Jalingo,Jalingo,8.9004,11.36,Nigeria,NG,NGA,Taraba,admin,117757,1566732241
Nkongsamba,Nkongsamba,4.9604,9.94,Cameroon,CM,CMR,Littoral,,117063,1120972098
Kindia,Kindia,10.06,-12.87,Guinea,GN,GIN,Kindia,admin,117062,1324348910
Gao,Gao,16.2666,-0.05,Mali,ML,MLI,Gao,admin,116967,1466571211
Port-Gentil,Port-Gentil,-0.72,8.78,Gabon,GA,GAB,Ogooué-Maritime,admin,116836,1266383028
Boké,Boke,10.94,-14.3,Guinea,GN,GIN,Boké,admin,116270,1324037897
Tahoua,Tahoua,14.9,5.2599,Niger,NE,NER,Tahoua,admin,115956,1562214493
Inhambane,Inhambane,-23.858,35.3398,Mozambique,MZ,MOZ,Inhambane,admin,115776,1508945412
Toliara,Toliara,-23.3568,43.69,Madagascar,MG,MDG,Toliara,admin,115319,1450593748
Goulimine,Goulimine,28.98,-10.07,Morocco,MA,MAR,Guelmim-Oued Noun,admin,115267,1504110861
Nabeul,Nabeul,36.4603,10.73,Tunisia,TN,TUN,Nabeul,admin,115149,1788902612
Giyon,Giyon,8.5304,37.97,Ethiopia,ET,ETH,Oromīya,,114534,1231961383
Shashemene,Shashemene,7.2004,38.59,Ethiopia,ET,ETH,Oromīya,,114350,1231110370
Kuito,Kuito,-12.38,16.94,Angola,AO,AGO,Bié,admin,114286,1024939858
Kankan,Kankan,10.39,-9.31,Guinea,GN,GIN,Kankan,admin,114009,1324495325
Laghouat,Laghouat,33.81,2.88,Algeria,DZ,DZA,Laghouat,admin,113872,1012233848
Praia,Praia,14.9167,-23.5167,Cabo Verde,CV,CPV,Praia,primary,113364,1132398770
Kipushi,Kipushi,-11.7596,27.25,Congo (Kinshasa),CD,COD,Haut-Katanga,,113347,1180810333
Juba,Juba,4.83,31.58,South Sudan,SS,SSD,Central Equatoria,primary,111975,1728444337
Iringa,Iringa,-7.7696,35.69,Tanzania,TZ,TZA,Iringa,admin,111820,1834453478
Jawhar,Jawhar,2.767,45.5166,Somalia,SO,SOM,Shabeellaha Dhexe,admin,111308,1706737655
Nsukka,Nsukka,6.867,7.3834,Nigeria,NG,NGA,Enugu,minor,111017,1566882360
Nguru,Nguru,12.8804,10.45,Nigeria,NG,NGA,Yobe,minor,111014,1566737779
Pemba,Pemba,-12.983,40.5323,Mozambique,MZ,MOZ,Cabo Delgado,admin,110643,1508872233
Manzini,Manzini,-26.495,31.388,Swaziland,SZ,SWZ,Manzini,admin,110537,1748177431
Mzuzu,Mzuzu,-11.46,34.02,Malawi,MW,MWI,,,110201,1454525586
Bouïra,Bouira,36.3805,3.9,Algeria,DZ,DZA,Bouira,admin,110144,1012006499
Lichinga,Lichinga,-13.3,35.24,Mozambique,MZ,MOZ,Niassa,admin,109839,1508041628
Kandi,Kandi,11.1304,2.94,Benin,BJ,BEN,Alibori,admin,109701,1204875413
Soubré,Soubre,5.7904,-6.61,Côte D’Ivoire,CI,CIV,Bas-Sassandra,,108933,1384162809
Mopti,Mopti,14.49,-4.18,Mali,ML,MLI,Mopti,admin,108456,1466352252
Mascara,Mascara,35.4004,0.14,Algeria,DZ,DZA,Mascara,admin,108230,1012738269
Birnin Kebbi,Birnin Kebbi,12.4504,4.1999,Nigeria,NG,NGA,Kebbi,admin,108164,1566191812
En Nuhud,En Nuhud,12.6904,28.42,Sudan,SD,SDN,Western Kordofan,,108008,1729223651
Shinyanga,Shinyanga,-3.6596,33.42,Tanzania,TZ,TZA,Shinyanga,admin,107362,1834972707
Ilebo,Ilebo,-4.3196,20.61,Congo (Kinshasa),CD,COD,Kasaï,,107093,1180788280
Azare,Azare,11.6804,10.19,Nigeria,NG,NGA,Bauchi,minor,105687,1566322480
Assab,Assab,13.01,42.73,Eritrea,ER,ERI,Debubawī K’eyih Bahrī,admin,105496,1232396238
Queenstown,Queenstown,-31.8996,26.88,South Africa,ZA,ZAF,Eastern Cape,,105309,1710110028
Kongolo,Kongolo,-5.3795,26.98,Congo (Kinshasa),CD,COD,Tanganyika,,105202,1180814807
Koutiala,Koutiala,12.3904,-5.47,Mali,ML,MLI,Sikasso,minor,104927,1466253368
Mmabatho,Mmabatho,-25.83,25.61,South Africa,ZA,ZAF,North West,,104428,1710524815
Adigrat,Adigrat,14.2804,39.47,Ethiopia,ET,ETH,Tigray,,104021,1231492773
Abengourou,Abengourou,6.7304,-3.49,Côte D’Ivoire,CI,CIV,Comoé,admin,104020,1384295898
Kroonstad,Kroonstad,-27.66,27.21,South Africa,ZA,ZAF,Free State,,103992,1710508288
EdDamer,EdDamer,17.59,33.96,Sudan,SD,SDN,River Nile,admin,103941,1729791168
Loubomo,Loubomo,-4.1796,12.67,Congo (Brazzaville),CG,COG,Niari,admin,103894,1178045241
Matruh,Matruh,31.3504,27.23,Egypt,EG,EGY,Maţrūḩ,admin,103470,1818661611
Bethal,Bethal,-26.4696,29.45,South Africa,ZA,ZAF,Mpumalanga,,101919,1710328253
Oum el Bouaghi,Oum el Bouaghi,35.85,7.15,Algeria,DZ,DZA,Oum el Bouaghi,admin,100821,1012958880
Bukoba,Bukoba,-1.3196,31.8,Tanzania,TZ,TZA,Kagera,admin,100504,1834433264
Kpalimé,Kpalime,6.9004,0.63,Togo,TG,TGO,,,100479,1768253626
Sabha,Sabha,27.0333,14.4333,Libya,LY,LBY,Sabhā,admin,100249,1434044820
Isna,Isna,25.2904,32.5499,Egypt,EG,EGY,Qinā,,100000,1818782058
Arlit,Arlit,18.82,7.33,Niger,NE,NER,Agadez,minor,100000,1562695011
Thika,Thika,-1.0396,37.09,Kenya,KE,KEN,Kiambu,,99322,1404482650
Kwekwe,Kwekwe,-18.9296,29.8,Zimbabwe,ZW,ZWE,Midlands,,99149,1716327793
Kericho,Kericho,-0.3596,35.28,Kenya,KE,KEN,Kericho,admin,98852,1404338562
Kontagora,Kontagora,10.4004,5.4699,Nigeria,NG,NGA,Niger,minor,98754,1566599231
Iseyin,Iseyin,7.97,3.59,Nigeria,NG,NGA,Oyo,minor,98071,1566714777
Mangochi,Mangochi,-14.4596,35.27,Malawi,MW,MWI,Mangochi,admin,97711,1454766726
L'Ariana,L'Ariana,36.8667,10.2,Tunisia,TN,TUN,L’Ariana,admin,97687,1788682546
Bunia,Bunia,1.5604,30.24,Congo (Kinshasa),CD,COD,Ituri,admin,96764,1180006418
Mtwara,Mtwara,-10.2696,40.19,Tanzania,TZ,TZA,Mtwara,admin,96602,1834044142
Kelo,Kelo,9.3171,15.8,Chad,TD,TCD,Tandjilé,,96224,1148149571
Yola,Yola,9.21,12.48,Nigeria,NG,NGA,Adamawa,admin,96006,1566782065
Mekele,Mekele,13.5,39.47,Ethiopia,ET,ETH,Tigray,admin,95856,1231468531
Biu,Biu,10.6204,12.19,Nigeria,NG,NGA,Borno,minor,95005,1566675681
Malindi,Malindi,-3.21,40.1,Kenya,KE,KEN,Kilifi,,94016,1404380224
Samandagi,Samandagi,36.1171,35.9333,Turkey,TR,TUR,Hatay,minor,93638,1792813864
Bafang,Bafang,5.1704,10.18,Cameroon,CM,CMR,Ouest,,93145,1120889812
Ho,Ho,6.6004,0.47,Ghana,GH,GHA,Volta,admin,93044,1288938914
Wukari,Wukari,7.8704,9.78,Nigeria,NG,NGA,Taraba,minor,92933,1566025302
Foumban,Foumban,5.7304,10.9,Cameroon,CM,CMR,Ouest,,92673,1120088650
Kilosa,Kilosa,-6.8396,36.99,Tanzania,TZ,TZA,Morogoro,,91889,1834242035
Cabinda,Cabinda,-5.5596,12.19,Angola,AO,AGO,Cabinda,admin,91791,1024474012
Grahamstown,Grahamstown,-33.2996,26.52,South Africa,ZA,ZAF,Eastern Cape,,91548,1710671857
Kendu Bay,Kendu Bay,-0.3596,34.64,Kenya,KE,KEN,Homa Bay,,91248,1404600696
Mbabane,Mbabane,-26.3167,31.1333,Swaziland,SZ,SWZ,Hhohho,primary,90138,1748811945
Buea,Buea,4.155,9.231,Cameroon,CM,CMR,South-West,admin,90088,1120497849
Francistown,Francistown,-21.17,27.5,Botswana,BW,BWA,Francistown,admin,89979,1072124168
Hosaina,Hosaina,7.5504,37.85,Ethiopia,ET,ETH,YeDebub Bihēroch Bihēreseboch na Hizboch,,89300,1231400775
Tambacounda,Tambacounda,13.7804,-13.68,Senegal,SN,SEN,Tambacounda,admin,89212,1686195160
Sumbawanga,Sumbawanga,-7.9596,31.62,Tanzania,TZ,TZA,Rukwa,admin,89161,1834684278
São Tomé,Sao Tome,0.3334,6.7333,Sao Tome And Principe,ST,STP,São Tomé,primary,88219,1678301324
Madinat ath Thawrah,Madinat ath Thawrah,35.8367,38.5481,Syria,SY,SYR,Ar Raqqah,minor,87880,1760605225
Ebolowa,Ebolowa,2.9,11.15,Cameroon,CM,CMR,Sud,admin,87875,1120924207
Makeni,Makeni,8.8804,-12.05,Sierra Leone,SL,SLE,Northern,admin,87679,1694028641
Gitarama,Gitarama,-2.0696,29.76,Rwanda,RW,RWA,Southern Province,,87613,1646038255
Koidu,Koidu,8.4405,-10.85,Sierra Leone,SL,SLE,Eastern,,87539,1694104584
Koudougou,Koudougou,12.2505,-2.37,Burkina Faso,BF,BFA,Centre-Ouest,admin,87347,1854839075
Ed Dueim,Ed Dueim,13.9904,32.3,Sudan,SD,SDN,White Nile,,87068,1729364292
Lokossa,Lokossa,6.615,1.715,Benin,BJ,BEN,Mono,admin,86971,1204036358
Nouadhibou,Nouadhibou,20.9,-17.056,Mauritania,MR,MRT,Dakhlet Nouadhibou,admin,86738,1478176283
Ruhengeri,Ruhengeri,-1.4996,29.63,Rwanda,RW,RWA,Northern Province,,86685,1646793543
Potiskum,Potiskum,11.7104,11.08,Nigeria,NG,NGA,Yobe,minor,86002,1566461523
Chipata,Chipata,-13.6296,32.64,Zambia,ZM,ZMB,Eastern,admin,85963,1894816262
Keffi,Keffi,8.849,7.8736,Nigeria,NG,NGA,Nasarawa,minor,85911,1566364417
Louga,Louga,15.6104,-16.25,Senegal,SN,SEN,Louga,admin,85075,1686269931
Guider,Guider,9.9304,13.94,Cameroon,CM,CMR,Nord,,84647,1120662630
Banjul,Banjul,13.4539,-16.5917,"Gambia, The",GM,GMB,Banjul,primary,43094,1270723713
Lobamba,Lobamba,-26.4667,31.2,Swaziland,SZ,SWZ,,primary,9782,1748963140
Jamestown,Jamestown,-15.9264,-5.7172,"Saint Helena, Ascension, And Tristan Da Cunha",SH,SHN,Saint Helena,primary,,1654761576
Timbuktu,Timbuktu,16.7666,-3.0166,Mali,ML,MLI,Tombouctou,admin,68872,1466595315
