name,city_ascii,lat,lon,country,iso2,iso3,admin_name,capital,population,id
New York,New York,40.6943,-73.9249,United States,US,USA,New York,,19354922,1840034016
Los Angeles,Los Angeles,34.1139,-118.4068,United States,US,USA,California,,12815475,1840020491
Chicago,Chicago,41.8373,-87.6861,United States,US,USA,Illinois,,8675982,1840000494
Miami,Miami,25.784,-80.2102,United States,US,USA,Florida,,6381966,1840015149
Dallas,Dallas,32.7937,-96.7662,United States,US,USA,Texas,,5733259,1840019440
Philadelphia,Philadelphia,40.0076,-75.134,United States,US,USA,Pennsylvania,,5637884,1840000673
Houston,Houston,29.7868,-95.3905,United States,US,USA,Texas,,5446468,1840020925
Washington,Washington,38.9047,-77.0163,United States,US,USA,District of Columbia,primary,5289420,1840006060
Atlanta,Atlanta,33.7626,-84.4228,United States,US,USA,Georgia,admin,5228750,1840013660
Toronto,Toronto,43.7,-79.42,Canada,CA,CAN,Ontario,admin,5213000,1124279679
Boston,Boston,42.3188,-71.0846,United States,US,USA,Massachusetts,admin,4637537,1840000455
Guadalajara,Guadalajara,20.67,-103.33,Mexico,MX,MEX,Jalisco,admin,4198000,1484950208
Phoenix,Phoenix,33.5722,-112.0891,United States,US,USA,Arizona,admin,4081849,1840020568
Monterrey,Monterrey,25.67,-100.33,Mexico,MX,MEX,Nuevo León,admin,3712000,1484559591
Montréal,Montreal,45.5,-73.5833,Canada,CA,CAN,Québec,,3678000,1124586170
Seattle,Seattle,47.6211,-122.3244,United States,US,USA,Washington,,3643765,1840021117
San Francisco,San Francisco,37.7562,-122.443,United States,US,USA,California,,3603761,1840021543
Detroit,Detroit,42.3834,-83.1024,United States,US,USA,Michigan,,3522206,1840003971
San Diego,San Diego,32.8312,-117.1226,United States,US,USA,California,,3210314,1840021990
Minneapolis,Minneapolis,44.9635,-93.2678,United States,US,USA,Minnesota,,2926757,1840007830
Tampa,Tampa,27.9937,-82.4454,United States,US,USA,Florida,,2804240,1840015982
Denver,Denver,39.7621,-104.8759,United States,US,USA,Colorado,admin,2787266,1840018789
Brooklyn,Brooklyn,40.6501,-73.9496,United States,US,USA,New York,,2629150,1840034030
Queens,Queens,40.7498,-73.7976,United States,US,USA,New York,,2333054,1840034002
Vancouver,Vancouver,49.2734,-123.1216,Canada,CA,CAN,British Columbia,,2313328,1124825478
Havana,Havana,23.132,-82.3642,Cuba,CU,CUB,La Habana,primary,2174000,1192752771
Baltimore,Baltimore,39.3051,-76.6144,United States,US,USA,Maryland,,2170504,1840001592
Riverside,Riverside,33.9381,-117.3948,United States,US,USA,California,,2084749,1840020551
Saint Louis,Saint Louis,38.6358,-90.2451,United States,US,USA,Missouri,,2078283,1840001651
Las Vegas,Las Vegas,36.2291,-115.2607,United States,US,USA,Nevada,,2073045,1840020364
Portland,Portland,45.5372,-122.65,United States,US,USA,Oregon,,2052796,1840019941
San Antonio,San Antonio,29.4722,-98.5247,United States,US,USA,Texas,,2002530,1840022220
Sacramento,Sacramento,38.5667,-121.4683,United States,US,USA,California,admin,1854698,1840021491
San Jose,San Jose,37.3018,-121.8485,United States,US,USA,California,,1821899,1840021570
Orlando,Orlando,28.4788,-81.342,United States,US,USA,Florida,,1776841,1840015099
Cleveland,Cleveland,41.4767,-81.6805,United States,US,USA,Ohio,,1730363,1840000596
Pittsburgh,Pittsburgh,40.4396,-79.9763,United States,US,USA,Pennsylvania,,1715297,1840001254
Cincinnati,Cincinnati,39.1412,-84.5059,United States,US,USA,Ohio,,1648254,1840003814
Manhattan,Manhattan,40.7834,-73.9662,United States,US,USA,New York,,1643734,1840034000
Austin,Austin,30.3006,-97.7517,United States,US,USA,Texas,admin,1638716,1840019590
Kansas City,Kansas City,39.1239,-94.5541,United States,US,USA,Missouri,,1615621,1840008535
Indianapolis,Indianapolis,39.7771,-86.1458,United States,US,USA,Indiana,admin,1564699,1840030084
Tijuana,Tijuana,32.5,-117.08,Mexico,MX,MEX,Baja California,minor,1553000,1484708778
Columbus,Columbus,39.986,-82.9852,United States,US,USA,Ohio,admin,1528314,1840003760
León,Leon,21.15,-101.7,Mexico,MX,MEX,Guanajuato,minor,1488000,1484811199
Virginia Beach,Virginia Beach,36.7335,-76.0435,United States,US,USA,Virginia,,1480383,1840003871
Charlotte,Charlotte,35.2079,-80.8303,United States,US,USA,North Carolina,,1467362,1840014557
Bronx,Bronx,40.8501,-73.8662,United States,US,USA,New York,,1455720,1840033999
Milwaukee,Milwaukee,43.064,-87.9669,United States,US,USA,Wisconsin,,1377808,1840003046
Ciudad Juárez,Ciudad Juarez,31.6904,-106.49,Mexico,MX,MEX,Chihuahua,minor,1343000,1484840083
Providence,Providence,41.8229,-71.4186,United States,US,USA,Rhode Island,admin,1206642,1840003289
Jacksonville,Jacksonville,30.3322,-81.6749,United States,US,USA,Florida,,1156291,1840015031
Ottawa,Ottawa,45.4167,-75.7,Canada,CA,CAN,Ontario,primary,1145000,1124399363
Torreón,Torreon,25.5701,-103.42,Mexico,MX,MEX,Coahuila de Zaragoza,minor,1144000,1484215762
Calgary,Calgary,51.083,-114.08,Canada,CA,CAN,Alberta,,1110000,1124690423
Salt Lake City,Salt Lake City,40.7774,-111.9301,United States,US,USA,Utah,admin,1098400,1840021383
Nashville,Nashville,36.1714,-86.7844,United States,US,USA,Tennessee,admin,1076645,1840036155
Memphis,Memphis,35.1047,-89.9773,United States,US,USA,Tennessee,,1068873,1840015457
Richmond,Richmond,37.5295,-77.4756,United States,US,USA,Virginia,admin,1059907,1840001698
New Orleans,New Orleans,30.0687,-89.9288,United States,US,USA,Louisiana,,1029123,1840001839
Raleigh,Raleigh,35.8323,-78.6439,United States,US,USA,North Carolina,admin,1018336,1840014497
Louisville,Louisville,38.1662,-85.6488,United States,US,USA,Kentucky,,1011696,1840030815
San Luis Potosí,San Luis Potosi,22.17,-101,Mexico,MX,MEX,San Luis Potosí,admin,992000,1484583620
Mérida,Merida,20.9666,-89.6166,Mexico,MX,MEX,Yucatán,admin,965000,1484396779
Querétaro,Queretaro,20.63,-100.38,Mexico,MX,MEX,Querétaro,admin,961000,1484604775
Oklahoma City,Oklahoma City,35.4676,-97.5136,United States,US,USA,Oklahoma,admin,955998,1840020428
Bridgeport,Bridgeport,41.1909,-73.1958,United States,US,USA,Connecticut,,938406,1840004836
Buffalo,Buffalo,42.9017,-78.8487,United States,US,USA,New York,,926261,1840000386
Hartford,Hartford,41.7661,-72.6834,United States,US,USA,Connecticut,,914751,1840004773
Mexicali,Mexicali,32.65,-115.48,Mexico,MX,MEX,Baja California,admin,885000,1484788702
Fort Worth,Fort Worth,32.7814,-97.3473,United States,US,USA,Texas,,874168,1840020696
Aguascalientes,Aguascalientes,21.8795,-102.2904,Mexico,MX,MEX,Aguascalientes,admin,869000,1484666646
Tucson,Tucson,32.1546,-110.8782,United States,US,USA,Arizona,,868391,1840022101
Tampico,Tampico,22.3,-97.87,Mexico,MX,MEX,Tamaulipas,minor,859419,1484060031
El Paso,El Paso,31.8479,-106.4309,United States,US,USA,Texas,,845674,1840023252
Omaha,Omaha,41.2628,-96.0495,United States,US,USA,Nebraska,,827786,1840009315
Culiacán,Culiacan,24.83,-107.38,Mexico,MX,MEX,Sinaloa,admin,809000,1484516810
McAllen,McAllen,26.2325,-98.2467,United States,US,USA,Texas,,800904,1840021024
Chihuahua,Chihuahua,28.645,-106.085,Mexico,MX,MEX,Chihuahua,admin,793000,1484335603
Albuquerque,Albuquerque,35.1053,-106.6464,United States,US,USA,New Mexico,,758523,1840019176
Saltillo,Saltillo,25.42,-101.005,Mexico,MX,MEX,Coahuila de Zaragoza,admin,754000,1484107245
Birmingham,Birmingham,33.5276,-86.7988,United States,US,USA,Alabama,,744189,1840006507
Hamilton,Hamilton,43.25,-79.83,Canada,CA,CAN,Ontario,,721053,1124567288
Dayton,Dayton,39.7797,-84.1998,United States,US,USA,Ohio,,718169,1840034249
Rochester,Rochester,43.168,-77.6162,United States,US,USA,New York,,711998,1840000373
Sarasota,Sarasota,27.3391,-82.5439,United States,US,USA,Florida,,706245,1840015988
Fresno,Fresno,36.7834,-119.7941,United States,US,USA,California,,698021,1840020319
Allentown,Allentown,40.5961,-75.4756,United States,US,USA,Pennsylvania,,682899,1840001044
Tulsa,Tulsa,36.1284,-95.9042,United States,US,USA,Oklahoma,,672054,1840021672
Concord,Concord,37.9722,-122.0016,United States,US,USA,California,,654770,1840018905
Winnipeg,Winnipeg,49.883,-97.166,Canada,CA,CAN,Manitoba,admin,632063,1124224963
Cape Coral,Cape Coral,26.6444,-81.9956,United States,US,USA,Florida,,630134,1840015130
Springfield,Springfield,42.1155,-72.5395,United States,US,USA,Massachusetts,,628076,1840000466
Québec,Quebec,46.84,-71.2456,Canada,CA,CAN,Québec,admin,624177,1124823933
Colorado Springs,Colorado Springs,38.8674,-104.7606,United States,US,USA,Colorado,,623946,1840018825
Charleston,Charleston,32.8137,-79.9643,United States,US,USA,South Carolina,,616085,1840015163
Grand Rapids,Grand Rapids,42.9615,-85.6557,United States,US,USA,Michigan,,602694,1840002928
Mission Viejo,Mission Viejo,33.6095,-117.6551,United States,US,USA,California,,600474,1840020580
Albany,Albany,42.6664,-73.7987,United States,US,USA,New York,admin,597270,1840000417
Hermosillo,Hermosillo,29.0989,-110.9541,Mexico,MX,MEX,Sonora,admin,595811,1484015319
Knoxville,Knoxville,35.9692,-83.9495,United States,US,USA,Tennessee,,585249,1840014486
Baton Rouge,Baton Rouge,30.4423,-91.1314,United States,US,USA,Louisiana,admin,583613,1840013941
Bakersfield,Bakersfield,35.353,-119.036,United States,US,USA,California,,574362,1840019148
Ogden,Ogden,41.228,-111.9677,United States,US,USA,Utah,,573632,1840020135
New Haven,New Haven,41.3112,-72.9245,United States,US,USA,Connecticut,,568144,1840004850
Columbia,Columbia,34.037,-80.9042,United States,US,USA,South Carolina,admin,566166,1840014730
Akron,Akron,41.0802,-81.5219,United States,US,USA,Ohio,,565920,1840000791
Cancún,Cancun,21.17,-86.83,Mexico,MX,MEX,Quintana Roo,minor,542043,1484010310
Matamoros,Matamoros,25.88,-97.5,Mexico,MX,MEX,Tamaulipas,minor,538785,1484614906
Provo,Provo,40.2458,-111.6457,United States,US,USA,Utah,,503695,1840020174
Mazatlán,Mazatlan,29.0171,-110.1333,Mexico,MX,MEX,Sonora,minor,500000,1484350756
Worcester,Worcester,42.2705,-71.8079,United States,US,USA,Massachusetts,,498997,1840000434
Reynosa,Reynosa,26.08,-98.3,Mexico,MX,MEX,Tamaulipas,minor,498654,1484737671
Mesa,Mesa,33.4017,-111.7181,United States,US,USA,Arizona,,496401,1840020566
Palm Bay,Palm Bay,27.9861,-80.6628,United States,US,USA,Florida,,489912,1840015094
Toledo,Toledo,41.6639,-83.5822,United States,US,USA,Ohio,,488672,1840000572
Murrieta,Murrieta,33.5719,-117.1909,United States,US,USA,California,,483681,1840020553
Wichita,Wichita,37.6897,-97.3442,United States,US,USA,Kansas,,483057,1840001686
Des Moines,Des Moines,41.5725,-93.6104,United States,US,USA,Iowa,admin,481222,1840007069
Staten Island,Staten Island,40.5834,-74.1496,United States,US,USA,New York,,476015,1840034032
Long Beach,Long Beach,33.8059,-118.161,United States,US,USA,California,,469450,1840020490
Greenville,Greenville,34.8363,-82.365,United States,US,USA,South Carolina,,467894,1840013501
Durango,Durango,24.0311,-104.67,Mexico,MX,MEX,Durango,admin,457140,1484854616
Oshawa,Oshawa,43.88,-78.85,Canada,CA,CAN,Ontario,,450963,1124541904
Little Rock,Little Rock,34.7255,-92.3581,United States,US,USA,Arkansas,admin,442699,1840015509
Harrisburg,Harrisburg,40.2752,-76.8843,United States,US,USA,Pennsylvania,admin,441580,1840001288
Denton,Denton,33.2176,-97.1421,United States,US,USA,Texas,,440146,1840019390
Madison,Madison,43.0808,-89.3922,United States,US,USA,Wisconsin,admin,439553,1840002915
Reno,Reno,39.5497,-119.8483,United States,US,USA,Nevada,,433271,1840020121
Port Saint Lucie,Port Saint Lucie,27.2796,-80.3883,United States,US,USA,Florida,,432589,1840015119
Oakland,Oakland,37.7903,-122.2165,United States,US,USA,California,,425195,1840020296
Kitchener,Kitchener,43.45,-80.5,Canada,CA,CAN,Ontario,,417001,1124158530
Winston-Salem,Winston-Salem,36.1029,-80.261,United States,US,USA,North Carolina,,416581,1840015324
Indio,Indio,33.7346,-116.2346,United States,US,USA,California,,408097,1840019304
Durham,Durham,35.9797,-78.9037,United States,US,USA,North Carolina,,407575,1840013364
Syracuse,Syracuse,43.0409,-76.1438,United States,US,USA,New York,,407259,1840000378
Chattanooga,Chattanooga,35.0657,-85.2488,United States,US,USA,Tennessee,,407182,1840014569
Lancaster,Lancaster,40.0421,-76.3012,United States,US,USA,Pennsylvania,,404525,1840003718
Spokane,Spokane,47.6671,-117.433,United States,US,USA,Washington,,403043,1840021093
Palm Coast,Palm Coast,29.5389,-81.246,United States,US,USA,Florida,,401757,1840015064
Gómez Palacio,Gomez Palacio,25.5701,-103.5,Mexico,MX,MEX,Durango,minor,399328,1484092318
Arlington,Arlington,32.6998,-97.125,United States,US,USA,Texas,,396394,1840019422
Bonita Springs,Bonita Springs,26.3559,-81.7861,United States,US,USA,Florida,,396220,1840014227
Poughkeepsie,Poughkeepsie,41.6949,-73.921,United States,US,USA,New York,,396041,1840000500
Stockton,Stockton,37.9766,-121.3112,United States,US,USA,California,,394467,1840021517
Oxnard,Oxnard,34.1962,-119.1819,United States,US,USA,California,,389792,1840020474
Augusta,Augusta,33.3645,-82.0708,United States,US,USA,Georgia,admin,389383,1840029462
Scranton,Scranton,41.4044,-75.6649,United States,US,USA,Pennsylvania,,389022,1840003389
Boise,Boise,43.6006,-116.2316,United States,US,USA,Idaho,admin,385218,1840027142
Celaya,Celaya,20.53,-100.8,Mexico,MX,MEX,Guanajuato,minor,383697,1484979555
Modesto,Modesto,37.6374,-121.0028,United States,US,USA,California,,381398,1840020287
Kissimmee,Kissimmee,28.3042,-81.4164,United States,US,USA,Florida,,374231,1840015109
Youngstown,Youngstown,41.0993,-80.6463,United States,US,USA,Ohio,,373728,1840003563
Mazatlán,Mazatlan,23.2211,-106.42,Mexico,MX,MEX,Sinaloa,minor,368204,1484841466
Aurora,Aurora,39.7084,-104.7274,United States,US,USA,Colorado,,366623,1840018794
Halifax,Halifax,44.65,-63.6,Canada,CA,CAN,Nova Scotia,admin,359111,1124130981
Anaheim,Anaheim,33.839,-117.8572,United States,US,USA,California,,352497,1840019322
Nuevo Laredo,Nuevo Laredo,27.5,-99.55,Mexico,MX,MEX,Tamaulipas,minor,349550,1484597234
Lancaster,Lancaster,34.6934,-118.1753,United States,US,USA,California,,349218,1840020516
Camagüey,Camaguey,21.3808,-77.9169,Cuba,CU,CUB,Camagüey,admin,347562,1192667983
Victorville,Victorville,34.5277,-117.3537,United States,US,USA,California,,346948,1840021731
London,London,42.97,-81.25,Canada,CA,CAN,Ontario,,346765,1124469960
Pensacola,Pensacola,30.4427,-87.1886,United States,US,USA,Florida,,344400,1840015005
Fayetteville,Fayetteville,36.0713,-94.166,United States,US,USA,Arkansas,,341890,1840013368
Corpus Christi,Corpus Christi,27.7173,-97.3822,United States,US,USA,Texas,,341435,1840019718
Irapuato,Irapuato,20.67,-101.5,Mexico,MX,MEX,Guanajuato,minor,339554,1484625454
Jackson,Jackson,32.3163,-90.2124,United States,US,USA,Mississippi,admin,338185,1840014895
Greensboro,Greensboro,36.0956,-79.8269,United States,US,USA,North Carolina,,335588,1840013356
Flint,Flint,43.0236,-83.6922,United States,US,USA,Michigan,,335354,1840002949
Santa Ana,Santa Ana,33.7366,-117.8819,United States,US,USA,California,,334136,1840021964
Fort Wayne,Fort Wayne,41.0885,-85.1436,United States,US,USA,Indiana,,328564,1840008261
Ann Arbor,Ann Arbor,42.2755,-83.7312,United States,US,USA,Michigan,,326288,1840003172
Fayetteville,Fayetteville,35.0846,-78.9776,United States,US,USA,North Carolina,,324700,1840013490
Santa Rosa,Santa Rosa,38.4465,-122.706,United States,US,USA,California,,321908,1840021488
Lansing,Lansing,42.7142,-84.56,United States,US,USA,Michigan,admin,320928,1840003102
Pachuca,Pachuca,20.1704,-98.73,Mexico,MX,MEX,Hidalgo,admin,319581,1484575026
Windsor,Windsor,42.3333,-83.0333,Canada,CA,CAN,Ontario,,319246,1124261024
Holguín,Holguin,20.8872,-76.2631,Cuba,CU,CUB,Holguín,admin,319102,1192920574
Tepic,Tepic,21.5054,-104.88,Mexico,MX,MEX,Nayarit,admin,318781,1484433877
Mobile,Mobile,30.6783,-88.1162,United States,US,USA,Alabama,,318084,1840006009
Lexington,Lexington,38.0423,-84.4587,United States,US,USA,Kentucky,,315939,1840015211
Huntsville,Huntsville,34.6989,-86.6414,United States,US,USA,Alabama,,309716,1840005061
Santa Clarita,Santa Clarita,34.4155,-118.4992,United States,US,USA,California,,309378,1840021864
Asheville,Asheville,35.5706,-82.5537,United States,US,USA,North Carolina,,309250,1840013411
Saint Paul,Saint Paul,44.9477,-93.104,United States,US,USA,Minnesota,admin,306621,1840008940
Fort Collins,Fort Collins,40.5479,-105.0658,United States,US,USA,Colorado,,303184,1840020151
Antioch,Antioch,37.9789,-121.7957,United States,US,USA,California,,302885,1840018903
Henderson,Henderson,36.0145,-115.0362,United States,US,USA,Nevada,,302539,1840020361
Trenton,Trenton,40.2237,-74.764,United States,US,USA,New Jersey,admin,296869,1840001383
Lakeland,Lakeland,28.0557,-81.9543,United States,US,USA,Florida,,291281,1840015108
Victoria,Victoria,48.4333,-123.35,Canada,CA,CAN,British Columbia,admin,289625,1124147219
Ciudad Obregon,Ciudad Obregon,27.4666,-109.925,Mexico,MX,MEX,Sonora,minor,288002,1484887986
Shreveport,Shreveport,32.4659,-93.7959,United States,US,USA,Louisiana,,287432,1840015768
Davenport,Davenport,41.5563,-90.6052,United States,US,USA,Iowa,,287413,1840007081
Springfield,Springfield,37.1943,-93.2915,United States,US,USA,Missouri,,287222,1840009904
Plano,Plano,33.0502,-96.7487,United States,US,USA,Texas,,286143,1840020662
Rockford,Rockford,42.2598,-89.0641,United States,US,USA,Illinois,,285562,1840009132
Newark,Newark,40.7245,-74.1725,United States,US,USA,New Jersey,,285154,1840002791
Lincoln,Lincoln,40.8098,-96.6802,United States,US,USA,Nebraska,admin,285118,1840009357
Round Lake Beach,Round Lake Beach,42.3791,-88.0811,United States,US,USA,Illinois,,284607,1840011171
South Bend,South Bend,41.6771,-86.2692,United States,US,USA,Indiana,,281100,1840009241
Savannah,Savannah,32.0282,-81.1786,United States,US,USA,Georgia,,280082,1840015830
Irvine,Irvine,33.6772,-117.7738,United States,US,USA,California,,277453,1840019325
Ciudad Victoria,Ciudad Victoria,23.72,-99.13,Mexico,MX,MEX,Tamaulipas,admin,274900,1484616519
Guantánamo,Guantanamo,20.1453,-75.2061,Cuba,CU,CUB,Guantánamo,admin,272801,1192866062
Canton,Canton,40.8076,-81.3677,United States,US,USA,Ohio,,271184,1840000963
Jersey City,Jersey City,40.7161,-74.0682,United States,US,USA,New Jersey,,270753,1840003600
Chula Vista,Chula Vista,32.6281,-117.0145,United States,US,USA,California,,270471,1840019350
Eugene,Eugene,44.0563,-123.1173,United States,US,USA,Oregon,,267568,1840020007
Reading,Reading,40.34,-75.9266,United States,US,USA,Pennsylvania,,267300,1840001185
Lafayette,Lafayette,30.2083,-92.0322,United States,US,USA,Louisiana,,265746,1840015044
Saint Petersburg,Saint Petersburg,27.793,-82.6652,United States,US,USA,Florida,,263255,1840015977
Lubbock,Lubbock,33.5643,-101.8871,United States,US,USA,Texas,,262505,1840020604
Peoria,Peoria,40.752,-89.6155,United States,US,USA,Illinois,,262010,1840009373
Myrtle Beach,Myrtle Beach,33.7096,-78.8843,United States,US,USA,South Carolina,,260487,1840014717
Laredo,Laredo,27.5616,-99.487,United States,US,USA,Texas,,260244,1840021002
Salem,Salem,44.9232,-123.0245,United States,US,USA,Oregon,admin,259816,1840021224
Columbus,Columbus,32.51,-84.8771,United States,US,USA,Georgia,,259160,1840014887
Ensenada,Ensenada,31.87,-116.62,Mexico,MX,MEX,Baja California,minor,256565,1484714297
Montgomery,Montgomery,32.347,-86.2663,United States,US,USA,Alabama,admin,255908,1840008353
Poza Rica de Hidalgo,Poza Rica de Hidalgo,20.5504,-97.47,Mexico,MX,MEX,Veracruz,minor,254481,1484808798
Chandler,Chandler,33.2827,-111.8516,United States,US,USA,Arizona,,253458,1840019309
Tallahassee,Tallahassee,30.455,-84.2526,United States,US,USA,Florida,admin,253030,1840015913
Santa Clara,Santa Clara,22.4,-79.9667,Cuba,CU,CUB,Villa Clara,admin,250512,1192329773
Concord,Concord,35.3933,-80.636,United States,US,USA,North Carolina,,250186,1840014559
Scottsdale,Scottsdale,33.6872,-111.865,United States,US,USA,Arizona,,249950,1840021940
Los Mochis,Los Mochis,25.79,-109,Mexico,MX,MEX,Sinaloa,minor,249047,1484443585
Killeen,Killeen,31.0754,-97.7293,United States,US,USA,Texas,,247489,1840020854
Glendale,Glendale,33.5796,-112.2258,United States,US,USA,Arizona,,246709,1840020563
Wilmington,Wilmington,34.21,-77.886,United States,US,USA,North Carolina,,245910,1840015576
Winter Haven,Winter Haven,28.0122,-81.7018,United States,US,USA,Florida,,245237,1840015970
Norfolk,Norfolk,36.8945,-76.259,United States,US,USA,Virginia,,244703,1840003869
North Las Vegas,North Las Vegas,36.288,-115.0901,United States,US,USA,Nevada,,242975,1840020363
Gilbert,Gilbert,33.3103,-111.7463,United States,US,USA,Arizona,,242354,1840021947
Atlantic City,Atlantic City,39.3797,-74.4527,United States,US,USA,New Jersey,,241363,1840003798
Chesapeake,Chesapeake,36.6778,-76.3024,United States,US,USA,Virginia,,240397,1840003874
Irving,Irving,32.8584,-96.9702,United States,US,USA,Texas,,240373,1840019438
Hialeah,Hialeah,25.8696,-80.3045,United States,US,USA,Florida,,239673,1840015157
Garland,Garland,32.91,-96.6305,United States,US,USA,Texas,,238002,1840020707
Monclova,Monclova,26.9,-101.42,Mexico,MX,MEX,Coahuila de Zaragoza,minor,236244,1484281759
McKinney,McKinney,33.2016,-96.6669,United States,US,USA,Texas,,235134,1840020657
Fremont,Fremont,37.5265,-121.9852,United States,US,USA,California,,234962,1840020292
Visalia,Visalia,36.3273,-119.3264,United States,US,USA,California,,234573,1840021639
Zacatecas,Zacatecas,22.7704,-102.58,Mexico,MX,MEX,Zacatecas,admin,234481,1484118312
York,York,39.9651,-76.7315,United States,US,USA,Pennsylvania,,234245,1840001472
Kennewick,Kennewick,46.1979,-119.1732,United States,US,USA,Washington,,232915,1840018481
Evansville,Evansville,37.9882,-87.5339,United States,US,USA,Indiana,,232285,1840013730
Nashua,Nashua,42.7491,-71.491,United States,US,USA,New Hampshire,,231262,1840002984
Nassau,Nassau,25.0834,-77.35,"Bahamas, The",BS,BHS,,primary,227940,1044318561
Brownsville,Brownsville,25.998,-97.4565,United States,US,USA,Texas,,227883,1840019743
Appleton,Appleton,44.2774,-88.3894,United States,US,USA,Wisconsin,,222222,1840002400
Gulfport,Gulfport,30.4271,-89.0703,United States,US,USA,Mississippi,,221348,1840013947
Thousand Oaks,Thousand Oaks,34.1914,-118.8755,United States,US,USA,California,,218729,1840021844
Avondale,Avondale,33.3858,-112.3236,United States,US,USA,Arizona,,217192,1840019310
San Bernardino,San Bernardino,34.1412,-117.2936,United States,US,USA,California,,216995,1840021728
Bremerton,Bremerton,47.5436,-122.7122,United States,US,USA,Washington,,216480,1840018410
Roanoke,Roanoke,37.2785,-79.958,United States,US,USA,Virginia,,216177,1840003858
Hickory,Hickory,35.7427,-81.3233,United States,US,USA,North Carolina,,215353,1840014524
Kalamazoo,Kalamazoo,42.2749,-85.5881,United States,US,USA,Michigan,,214083,1840003185
Tacoma,Tacoma,47.2431,-122.4531,United States,US,USA,Washington,,213418,1840021129
Fontana,Fontana,34.0968,-117.4599,United States,US,USA,California,,211815,1840020402
Green Bay,Green Bay,44.515,-87.9896,United States,US,USA,Wisconsin,,208625,1840002344
College Station,College Station,30.5852,-96.296,United States,US,USA,Texas,,207308,1840019570
Moreno Valley,Moreno Valley,33.9244,-117.2045,United States,US,USA,California,,207226,1840020552
Amarillo,Amarillo,35.1988,-101.8308,United States,US,USA,Texas,,206072,1840019156
Portland,Portland,43.6773,-70.2715,United States,US,USA,Maine,,206023,1840000327
Fargo,Fargo,46.8653,-96.8292,United States,US,USA,North Dakota,,204820,1840000177
Santa Barbara,Santa Barbara,34.4285,-119.7202,United States,US,USA,California,,204034,1840021829
Norwich,Norwich,41.5495,-72.0882,United States,US,USA,Connecticut,,203916,1840004828
Las Tunas,Las Tunas,20.9601,-76.9544,Cuba,CU,CUB,Las Tunas,admin,203684,1192626319
Glendale,Glendale,34.1818,-118.2468,United States,US,USA,California,,203054,1840020483
Yonkers,Yonkers,40.9466,-73.8674,United States,US,USA,New York,,202019,1840003478
Huntington Beach,Huntington Beach,33.696,-118.0025,United States,US,USA,California,,201874,1840020578
Aurora,Aurora,41.7638,-88.2901,United States,US,USA,Illinois,,200965,1840007034
Gainesville,Gainesville,29.6808,-82.3455,United States,US,USA,Florida,,199695,1840014022
Salamanca,Salamanca,20.5704,-101.2,Mexico,MX,MEX,Guanajuato,minor,197524,1484741627
Olympia,Olympia,47.0418,-122.8959,United States,US,USA,Washington,admin,196078,1840019865
North Port,North Port,27.0577,-82.1976,United States,US,USA,Florida,,195992,1840015120
Huntington,Huntington,38.4109,-82.4344,United States,US,USA,West Virginia,,194155,1840006211
Deltona,Deltona,28.905,-81.2136,United States,US,USA,Florida,,194061,1840015072
Grand Prairie,Grand Prairie,32.6869,-97.0209,United States,US,USA,Texas,,193837,1840020709
Salinas,Salinas,36.6881,-121.6316,United States,US,USA,California,,193590,1840021632
Ciudad Madero,Ciudad Madero,22.3189,-97.8361,Mexico,MX,MEX,Tamaulipas,minor,192736,1484185237
Bayamo,Bayamo,20.3795,-76.6433,Cuba,CU,CUB,Granma,admin,192632,1192297857
Waterbury,Waterbury,41.5583,-73.0361,United States,US,USA,Connecticut,,191484,1840004851
Overland Park,Overland Park,38.887,-94.687,United States,US,USA,Kansas,,191278,1840003834
La Paz,La Paz,24.14,-110.32,Mexico,MX,MEX,Baja California Sur,admin,189767,1484005187
Waco,Waco,31.5597,-97.1883,United States,US,USA,Texas,,188448,1840022140
Erie,Erie,42.1168,-80.0733,United States,US,USA,Pennsylvania,,188079,1840000478
Puerto Vallarta,Puerto Vallarta,20.6771,-105.245,Mexico,MX,MEX,Jalisco,minor,187134,1484408906
Pinar del Rio,Pinar del Rio,22.4175,-83.6981,Cuba,CU,CUB,Pinar del Río,admin,186990,1192216820
Cienfuegos,Cienfuegos,22.1444,-80.4403,Cuba,CU,CUB,Cienfuegos,admin,186644,1192020054
Cedar Rapids,Cedar Rapids,41.9667,-91.6782,United States,US,USA,Iowa,,186160,1840000471
Hagerstown,Hagerstown,39.6401,-77.7217,United States,US,USA,Maryland,,185704,1840005613
Tempe,Tempe,33.3881,-111.9318,United States,US,USA,Arizona,,185038,1840021942
Spartanburg,Spartanburg,34.9437,-81.9257,United States,US,USA,South Carolina,,183184,1840015482
Clarksville,Clarksville,36.5696,-87.3428,United States,US,USA,Tennessee,,182849,1840014421
Barrie,Barrie,44.3838,-79.7,Canada,CA,CAN,Ontario,,182041,1124340223
Gastonia,Gastonia,35.2494,-81.1855,United States,US,USA,North Carolina,,180974,1840013468
Lorain,Lorain,41.4409,-82.184,United States,US,USA,Ohio,,180239,1840000644
Sioux Falls,Sioux Falls,43.5397,-96.7322,United States,US,USA,South Dakota,,180204,1840002648
Fort Lauderdale,Fort Lauderdale,26.1412,-80.1464,United States,US,USA,Florida,,180072,1840014236
Newport News,Newport News,37.1051,-76.5185,United States,US,USA,Virginia,,179388,1840003862
Nogales,Nogales,31.305,-110.945,Mexico,MX,MEX,Sonora,minor,178097,1484364591
High Point,High Point,35.9902,-79.9938,United States,US,USA,North Carolina,,177874,1840014479
Santa Cruz,Santa Cruz,36.9788,-122.0346,United States,US,USA,California,,177556,1840021579
Rancho Cucamonga,Rancho Cucamonga,34.1247,-117.5664,United States,US,USA,California,,177452,1840020411
Frisco,Frisco,33.1553,-96.8218,United States,US,USA,Texas,,177286,1840020654
Danbury,Danbury,41.4016,-73.471,United States,US,USA,Connecticut,,177177,1840004837
Hemet,Hemet,33.7341,-116.9969,United States,US,USA,California,,176892,1840020550
Oceanside,Oceanside,33.2247,-117.3083,United States,US,USA,California,,176193,1840020623
Regina,Regina,50.45,-104.617,Canada,CA,CAN,Saskatchewan,admin,176183,1124342541
Ontario,Ontario,34.0393,-117.6064,United States,US,USA,California,,175841,1840020410
Vancouver,Vancouver,45.6352,-122.597,United States,US,USA,Washington,,175673,1840021189
Garden Grove,Garden Grove,33.7787,-117.9601,United States,US,USA,California,,174226,1840020577
Nampa,Nampa,43.5843,-116.5626,United States,US,USA,Idaho,,173863,1840020041
Vallejo,Vallejo,38.1133,-122.2359,United States,US,USA,California,,173844,1840021499
Elk Grove,Elk Grove,38.416,-121.384,United States,US,USA,California,,171844,1840020245
Pembroke Pines,Pembroke Pines,26.0128,-80.3387,United States,US,USA,Florida,,170712,1840015141
Medford,Medford,42.3372,-122.8537,United States,US,USA,Oregon,,168219,1840020076
Peoria,Peoria,33.7844,-112.2989,United States,US,USA,Arizona,,168181,1840020567
Corona,Corona,33.862,-117.5644,United States,US,USA,California,,167836,1840019305
Murfreesboro,Murfreesboro,35.8493,-86.4098,United States,US,USA,Tennessee,,167055,1840014495
Marysville,Marysville,48.0809,-122.1558,United States,US,USA,Washington,,166541,1840019789
Cary,Cary,35.7814,-78.8167,United States,US,USA,North Carolina,,165904,1840016196
Fredericksburg,Fredericksburg,38.2992,-77.4872,United States,US,USA,Virginia,,164976,1840003845
Ocala,Ocala,29.1803,-82.1495,United States,US,USA,Florida,,164712,1840015067
Manchester,Manchester,42.9848,-71.4447,United States,US,USA,New Hampshire,,160742,1840002983
Hayward,Hayward,37.6328,-122.0772,United States,US,USA,California,,160500,1840020293
Muskegon,Muskegon,43.2281,-86.2562,United States,US,USA,Michigan,,160142,1840002870
Alexandria,Alexandria,38.8185,-77.0861,United States,US,USA,Virginia,,160035,1840003837
Springfield,Springfield,39.7712,-89.6539,United States,US,USA,Illinois,admin,159394,1840009517
Lafayette,Lafayette,40.3991,-86.8594,United States,US,USA,Indiana,,159293,1840008354
Port Arthur,Port Arthur,29.8554,-93.9264,United States,US,USA,Texas,,157934,1840020919
Sudbury,Sudbury,46.5,-80.9666,Canada,CA,CAN,Ontario,,157857,1124539524
Palmdale,Palmdale,34.5944,-118.1057,United States,US,USA,California,,157519,1840020502
Champaign,Champaign,40.1144,-88.2735,United States,US,USA,Illinois,,156794,1840007239
Gainesville,Gainesville,34.2901,-83.8301,United States,US,USA,Georgia,,156248,1840013612
Frederick,Frederick,39.4335,-77.4157,United States,US,USA,Maryland,,154972,1840005710
Lakewood,Lakewood,39.6978,-105.1168,United States,US,USA,Colorado,,154958,1840020198
Tuscaloosa,Tuscaloosa,33.2349,-87.5267,United States,US,USA,Alabama,,154204,1840005563
Sunnyvale,Sunnyvale,37.3835,-122.0257,United States,US,USA,California,,153656,1840021573
Lake Charles,Lake Charles,30.203,-93.215,United States,US,USA,Louisiana,,153633,1840015039
Hollywood,Hollywood,26.0293,-80.1678,United States,US,USA,Florida,,153627,1840015144
Pasadena,Pasadena,29.6584,-95.1499,United States,US,USA,Texas,,153520,1840020930
Pomona,Pomona,34.0585,-117.7625,United States,US,USA,California,,152939,1840020507
Kansas City,Kansas City,39.1234,-94.7443,United States,US,USA,Kansas,,152938,1840001626
Escondido,Escondido,33.1347,-117.0722,United States,US,USA,California,,151969,1840020620
Abbotsford,Abbotsford,49.0504,-122.3,Canada,CA,CAN,British Columbia,,151683,1124808029
Binghamton,Binghamton,42.1014,-75.9093,United States,US,USA,New York,,150747,1840000460
Warner Robins,Warner Robins,32.598,-83.6528,United States,US,USA,Georgia,,149617,1840015800
New Bedford,New Bedford,41.6697,-70.9428,United States,US,USA,Massachusetts,,149528,1840003219
Topeka,Topeka,39.0346,-95.6956,United States,US,USA,Kansas,admin,148960,1840001621
Beaumont,Beaumont,30.0849,-94.1451,United States,US,USA,Texas,,148954,1840019612
Paterson,Paterson,40.9147,-74.1624,United States,US,USA,New Jersey,,148678,1840000838
Joliet,Joliet,41.5193,-88.1501,United States,US,USA,Illinois,,148462,1840008192
Leesburg,Leesburg,28.7674,-81.8981,United States,US,USA,Florida,,148161,1840015083
Elkhart,Elkhart,41.6913,-85.9628,United States,US,USA,Indiana,,148131,1840008187
Odessa,Odessa,31.8831,-102.3407,United States,US,USA,Texas,,147810,1840020794
Naperville,Naperville,41.7483,-88.1657,United States,US,USA,Illinois,,147682,1840008143
Fairfield,Fairfield,38.2594,-122.0319,United States,US,USA,California,,147582,1840020253
San Juan del Río,San Juan del Rio,20.38,-100,Mexico,MX,MEX,Querétaro,minor,147559,1484890205
Torrance,Torrance,33.8346,-118.3417,United States,US,USA,California,,146758,1840021873
Matanzas,Matanzas,23.0415,-81.5775,Cuba,CU,CUB,Matanzas,admin,146733,1192888416
Panama City,Panama City,30.1997,-85.6003,United States,US,USA,Florida,,145239,1840015034
Bellevue,Bellevue,47.5953,-122.1551,United States,US,USA,Washington,,144444,1840018417
Midland,Midland,32.0249,-102.1137,United States,US,USA,Texas,,144247,1840020792
Sarnia,Sarnia,42.9666,-82.4,Canada,CA,CAN,Ontario,,144172,1124509835
Merced,Merced,37.3058,-120.4778,United States,US,USA,California,,144117,1840020313
Mesquite,Mesquite,32.7622,-96.5889,United States,US,USA,Texas,,143949,1840020713
Houma,Houma,29.5799,-90.7058,United States,US,USA,Louisiana,,142969,1840015063
Charleston,Charleston,38.3484,-81.6323,United States,US,USA,West Virginia,admin,142858,1840006196
Pasadena,Pasadena,34.1598,-118.139,United States,US,USA,California,,142647,1840020505
Pueblo,Pueblo,38.2701,-104.6131,United States,US,USA,Colorado,,142351,1840020255
Ciego de Ávila,Ciego de Avila,21.84,-78.7619,Cuba,CU,CUB,Ciego de Ávila,admin,142027,1192302618
Tyler,Tyler,32.3184,-95.3065,United States,US,USA,Texas,,141116,1840022076
Orange,Orange,33.8038,-117.8219,United States,US,USA,California,,140560,1840020582
Fullerton,Fullerton,33.8841,-117.9279,United States,US,USA,California,,140392,1840020576
Miramar,Miramar,25.9773,-80.3358,United States,US,USA,Florida,,140328,1840015137
Santa Maria,Santa Maria,34.9333,-120.4432,United States,US,USA,California,,140219,1840021830
Athens,Athens,33.9508,-83.3689,United States,US,USA,Georgia,,140169,1840029463
Columbia,Columbia,38.9478,-92.3258,United States,US,USA,Missouri,,139945,1840007391
Sherbrooke,Sherbrooke,45.4,-71.9,Canada,CA,CAN,Québec,,139652,1124559506
Piedras Negras,Piedras Negras,28.7076,-100.5317,Mexico,MX,MEX,Coahuila de Zaragoza,minor,139619,1484000400
Yuma,Yuma,32.5991,-114.5488,United States,US,USA,Arizona,,138802,1840021998
Olathe,Olathe,38.8838,-94.8196,United States,US,USA,Kansas,,137472,1840003833
Thornton,Thornton,39.9205,-104.9443,United States,US,USA,Colorado,,136978,1840021422
Harlingen,Harlingen,26.1917,-97.6977,United States,US,USA,Texas,,136968,1840021036
Grand Junction,Grand Junction,39.0878,-108.5673,United States,US,USA,Colorado,,136688,1840020230
West Valley City,West Valley City,40.6889,-112.0115,United States,US,USA,Utah,,136170,1840021389
Carrollton,Carrollton,32.9886,-96.9,United States,US,USA,Texas,,135710,1840019436
Roseville,Roseville,38.7691,-121.3178,United States,US,USA,California,,135329,1840020233
Warren,Warren,42.4934,-83.027,United States,US,USA,Michigan,,135022,1840002418
Bloomington,Bloomington,40.4757,-88.9705,United States,US,USA,Illinois,,134892,1840007207
Hampton,Hampton,37.0551,-76.3629,United States,US,USA,Virginia,,134669,1840003866
Surprise,Surprise,33.6802,-112.4525,United States,US,USA,Arizona,,134085,1840021941
Las Cruces,Las Cruces,32.3265,-106.7893,United States,US,USA,New Mexico,,133988,1840020683
Greeley,Greeley,40.415,-104.7696,United States,US,USA,Colorado,,133750,1840020149
Yakima,Yakima,46.5923,-120.5496,United States,US,USA,Washington,,133233,1840021154
Coral Springs,Coral Springs,26.2701,-80.2592,United States,US,USA,Florida,,133037,1840015134
Sterling Heights,Sterling Heights,42.5809,-83.0305,United States,US,USA,Michigan,,132631,1840003094
Mauldin,Mauldin,34.7864,-82.2996,United States,US,USA,South Carolina,,132402,1840015476
Racine,Racine,42.7274,-87.8135,United States,US,USA,Wisconsin,,131467,1840002493
Stamford,Stamford,41.1036,-73.5583,United States,US,USA,Connecticut,,130824,1840004841
Elizabeth,Elizabeth,40.6657,-74.1912,United States,US,USA,New Jersey,,130215,1840003613
Kent,Kent,47.3887,-122.2128,United States,US,USA,Washington,,128458,1840018424
Greenville,Greenville,35.5957,-77.3764,United States,US,USA,North Carolina,,128385,1840013407
Manzanillo,Manzanillo,20.3438,-77.1166,Cuba,CU,CUB,Granma,minor,128188,1192805452
Simi Valley,Simi Valley,34.2663,-118.749,United States,US,USA,California,,127864,1840021843
Burlington,Burlington,36.0762,-79.4687,United States,US,USA,North Carolina,,127374,1840013362
Santa Clara,Santa Clara,37.3646,-121.9679,United States,US,USA,California,,127134,1840021571
Sancti Spíritus,Sancti Spiritus,21.9301,-79.4425,Cuba,CU,CUB,Sancti Spíritus,admin,127069,1192600260
Johnson City,Johnson City,36.3406,-82.3804,United States,US,USA,Tennessee,,126589,1840014462
Boulder,Boulder,40.0249,-105.2523,United States,US,USA,Colorado,,126054,1840018774
Bellingham,Bellingham,48.7543,-122.4687,United States,US,USA,Washington,,126015,1840018346
Fort Smith,Fort Smith,35.3494,-94.3695,United States,US,USA,Arkansas,,125562,1840013456
Kelowna,Kelowna,49.9,-119.4833,Canada,CA,CAN,British Columbia,,125109,1124080626
Lynchburg,Lynchburg,37.4003,-79.1908,United States,US,USA,Virginia,,125004,1840003855
Kenosha,Kenosha,42.5863,-87.8759,United States,US,USA,Wisconsin,,124888,1840003160
South Lyon,South Lyon,42.4614,-83.6526,United States,US,USA,Michigan,,123850,1840002432
Round Rock,Round Rock,30.5252,-97.6659,United States,US,USA,Texas,,123678,1840020879
Berkeley,Berkeley,37.8723,-122.276,United States,US,USA,California,,122324,1840018914
Billings,Billings,45.7889,-108.5503,United States,US,USA,Montana,,120800,1840018496
Redding,Redding,40.5698,-122.365,United States,US,USA,California,,120270,1840020141
Yuba City,Yuba City,39.1357,-121.6381,United States,US,USA,California,,120186,1840021463
Duluth,Duluth,46.7757,-92.1392,United States,US,USA,Minnesota,,120101,1840007685
Pearland,Pearland,29.5585,-95.3215,United States,US,USA,Texas,,119940,1840020979
Trois-Rivières,Trois Rivieres,46.35,-72.5499,Canada,CA,CAN,Québec,,119693,1124407487
Leominster,Leominster,42.5209,-71.7717,United States,US,USA,Massachusetts,,119400,1840000437
Saginaw,Saginaw,43.4199,-83.9501,United States,US,USA,Michigan,,119336,1840002813
Iowa City,Iowa City,41.6559,-91.5304,United States,US,USA,Iowa,,119091,1840000532
Arvada,Arvada,39.8321,-105.151,United States,US,USA,Colorado,,118807,1840018788
Seaside,Seaside,36.6224,-121.8191,United States,US,USA,California,,118110,1840021634
Kingsport,Kingsport,36.522,-82.5453,United States,US,USA,Tennessee,,118001,1840014425
Independence,Independence,39.0871,-94.3503,United States,US,USA,Missouri,,117306,1840008534
Richardson,Richardson,32.9717,-96.7092,United States,US,USA,Texas,,116783,1840020710
Rochester,Rochester,44.0151,-92.4778,United States,US,USA,Minnesota,,116713,1840008987
Gilroy,Gilroy,37.0047,-121.5843,United States,US,USA,California,,116235,1840020327
El Monte,El Monte,34.074,-118.0291,United States,US,USA,California,,116109,1840020480
Navajoa,Navajoa,27.0819,-109.4546,Mexico,MX,MEX,Sonora,minor,116093,1484166303
Rock Hill,Rock Hill,34.9413,-81.025,United States,US,USA,South Carolina,,115963,1840014618
Clearwater,Clearwater,27.9786,-82.7622,United States,US,USA,Florida,,115513,1840015110
Monroe,Monroe,32.5184,-92.0774,United States,US,USA,Louisiana,,115462,1840014881
Dover,Dover,39.1603,-75.5203,United States,US,USA,Delaware,,115352,1840005810
Carlsbad,Carlsbad,33.1246,-117.2837,United States,US,USA,California,,115330,1840019352
Norman,Norman,35.2335,-97.3471,United States,US,USA,Oklahoma,,115065,1840020451
Ciudad Valles,Ciudad Valles,21.98,-99.02,Mexico,MX,MEX,San Luis Potosí,minor,114964,1484904610
Abilene,Abilene,32.4543,-99.7384,United States,US,USA,Texas,,114964,1840019476
Bloomington,Bloomington,39.1637,-86.5256,United States,US,USA,Indiana,,114959,1840007376
Delicias,Delicias,28.2,-105.5,Mexico,MX,MEX,Chihuahua,,114783,1484513329
Texas City,Texas City,29.4128,-94.9658,United States,US,USA,Texas,,114546,1840022234
Temecula,Temecula,33.4928,-117.1314,United States,US,USA,California,,114327,1840021937
Utica,Utica,43.0961,-75.226,United States,US,USA,New York,,114318,1840002746
Saint Cloud,Saint Cloud,45.5339,-94.1719,United States,US,USA,Minnesota,,114225,1840008881
Kingston,Kingston,44.2337,-76.4833,Canada,CA,CAN,Ontario,,114195,1124437097
Saint George,Saint George,37.0769,-113.577,United States,US,USA,Utah,,113906,1840021559
West Jordan,West Jordan,40.6024,-112.0008,United States,US,USA,Utah,,113905,1840021388
Costa Mesa,Costa Mesa,33.6667,-117.9135,United States,US,USA,California,,113825,1840019326
Miami Gardens,Miami Gardens,25.9433,-80.2425,United States,US,USA,Florida,,113750,1840015151
Cambridge,Cambridge,42.3758,-71.1184,United States,US,USA,Massachusetts,,113630,1840000429
Downey,Downey,33.9379,-118.1312,United States,US,USA,California,,113092,1840019245
Coeur d'Alene,Coeur d'Alene,47.7039,-116.7933,United States,US,USA,Idaho,,112935,1840018402
Westminster,Westminster,39.8837,-105.0627,United States,US,USA,Colorado,,112812,1840021423
Elgin,Elgin,42.0385,-88.3229,United States,US,USA,Illinois,,112456,1840008134
Guanajuato,Guanajuato,21.0204,-101.28,Mexico,MX,MEX,Guanajuato,admin,112200,1484185068
El Centro,El Centro,32.7873,-115.5579,United States,US,USA,California,,112145,1840020630
Waterloo,Waterloo,42.492,-92.3522,United States,US,USA,Iowa,,112060,1840000440
Lowell,Lowell,42.6389,-71.3217,United States,US,USA,Massachusetts,,111346,1840000426
Gresham,Gresham,45.5023,-122.4414,United States,US,USA,Oregon,,111053,1840019939
North Charleston,North Charleston,32.9086,-80.0705,United States,US,USA,South Carolina,,110861,1840015164
Inglewood,Inglewood,33.9566,-118.3444,United States,US,USA,California,,110598,1840019237
Pompano Beach,Pompano Beach,26.2428,-80.1312,United States,US,USA,Florida,,110473,1840015143
Centennial,Centennial,39.5926,-104.8674,United States,US,USA,Colorado,,110250,1840018792
West Palm Beach,West Palm Beach,26.7467,-80.1314,United States,US,USA,Florida,,110222,1840015993
Everett,Everett,47.9524,-122.167,United States,US,USA,Washington,,110079,1840019785
Santa Fe,Santa Fe,35.6619,-105.9819,United States,US,USA,New Mexico,admin,110078,1840021707
Richmond,Richmond,37.9477,-122.339,United States,US,USA,California,,110040,1840020277
Clovis,Clovis,36.8278,-119.6841,United States,US,USA,California,,109691,1840018944
Pottstown,Pottstown,40.2508,-75.6445,United States,US,USA,Pennsylvania,,109437,1840001373
Tuxpam,Tuxpam,20.9604,-97.41,Mexico,MX,MEX,Veracruz,minor,109049,1484316468
Jacksonville,Jacksonville,34.7323,-77.3962,United States,US,USA,North Carolina,,108872,1840014653
Broken Arrow,Broken Arrow,36.0365,-95.7808,United States,US,USA,Oklahoma,,108303,1840019059
Burlington,Burlington,44.4877,-73.2314,United States,US,USA,Vermont,,108277,1840002310
West Covina,West Covina,34.0555,-117.9113,United States,US,USA,California,,107598,1840021876
Turlock,Turlock,37.5053,-120.8588,United States,US,USA,California,,107208,1840021533
Daly City,Daly City,37.6863,-122.4684,United States,US,USA,California,,107074,1840018926
Eau Claire,Eau Claire,44.8203,-91.4951,United States,US,USA,Wisconsin,,107068,1840002296
Hillsboro,Hillsboro,45.5271,-122.9358,United States,US,USA,Oregon,,106894,1840019932
Sandy Springs,Sandy Springs,33.9366,-84.3703,United States,US,USA,Georgia,,106739,1840015609
Sioux City,Sioux City,42.4959,-96.3901,United States,US,USA,Iowa,,106279,1840000447
Chico,Chico,39.7574,-121.815,United States,US,USA,California,,106268,1840018778
Norwalk,Norwalk,33.9069,-118.0829,United States,US,USA,California,,106084,1840020501
Salisbury,Salisbury,38.3755,-75.5867,United States,US,USA,Maryland,,106034,1840006219
Lewisville,Lewisville,33.0453,-96.9823,United States,US,USA,Texas,,106021,1840020639
Fresnillo,Fresnillo,23.1704,-102.86,Mexico,MX,MEX,Zacatecas,minor,105488,1484014035
Davie,Davie,26.079,-80.287,United States,US,USA,Florida,,105149,1840017272
League City,League City,29.4874,-95.1087,United States,US,USA,Texas,,104903,1840020973
Burbank,Burbank,34.1879,-118.3234,United States,US,USA,California,,104834,1840019233
San Mateo,San Mateo,37.5522,-122.3122,United States,US,USA,California,,104748,1840021551
El Cajon,El Cajon,32.8017,-116.9604,United States,US,USA,California,,103894,1840020618
Rialto,Rialto,34.1128,-117.3885,United States,US,USA,California,,103562,1840020407
Guaymas,Guaymas,27.93,-110.89,Mexico,MX,MEX,Sonora,minor,103449,1484689704
Hidalgo del Parral,Hidalgo del Parral,26.9334,-105.6666,Mexico,MX,MEX,Chihuahua,minor,103378,1484607603
Bend,Bend,44.0562,-121.3087,United States,US,USA,Oregon,,103349,1840018618
Palma Soriano,Palma Soriano,20.2172,-75.9988,Cuba,CU,CUB,Santiago de Cuba,minor,102826,1192323011
Charlottesville,Charlottesville,38.0375,-78.4855,United States,US,USA,Virginia,,102016,1840001678
La Crosse,La Crosse,43.8241,-91.2268,United States,US,USA,Wisconsin,,101886,1840002577
Temple,Temple,31.1076,-97.3894,United States,US,USA,Texas,,101876,1840022154
Vista,Vista,33.1895,-117.2387,United States,US,USA,California,,101568,1840021994
Renton,Renton,47.4758,-122.1905,United States,US,USA,Washington,,101379,1840019827
Sparks,Sparks,39.5729,-119.7157,United States,US,USA,Nevada,,100888,1840021337
Holland,Holland,42.7677,-86.0984,United States,US,USA,Michigan,,100885,1840002996
Vacaville,Vacaville,38.3592,-121.9686,United States,US,USA,California,,100801,1840021498
Logan,Logan,41.7402,-111.8419,United States,US,USA,Utah,,100774,1840020108
Boca Raton,Boca Raton,26.3749,-80.1077,United States,US,USA,Florida,,98150,1840014207
Hamilton,Hamilton,32.2942,-64.7839,Bermuda,BM,BMU,Hamilton,primary,52320,1060000000
Grand Turk,Grand Turk,21.4664,-71.136,Turks And Caicos Islands,TC,TCA,,primary,5801,1796965313
Bismarck,Bismarck,46.814,-100.7695,United States,US,USA,North Dakota,admin,97457,1840001926
Cheyenne,Cheyenne,41.1406,-104.7926,United States,US,USA,Wyoming,admin,78728,1840018713
Artemisa,Artemisa,22.8134,-82.7619,Cuba,CU,CUB,Artemisa,admin,68073,1192325408
Jefferson City,Jefferson City,38.5677,-92.1757,United States,US,USA,Missouri,admin,58279,1840008615
Carson City,Carson City,39.1512,-119.7474,United States,US,USA,Nevada,admin,57525,1840003826
Fredericton,Fredericton,45.95,-66.6333,Canada,CA,CAN,New Brunswick,admin,52337,1124061289
Helena,Helena,46.5964,-112.0197,United States,US,USA,Montana,admin,50227,1840019820
Concord,Concord,43.2305,-71.5595,United States,US,USA,New Hampshire,admin,42935,1840002747
Charlottetown,Charlottetown,46.2493,-63.1313,Canada,CA,CAN,Prince Edward Island,admin,42402,1124897699
Annapolis,Annapolis,38.9706,-76.5047,United States,US,USA,Maryland,admin,39321,1840005928
Frankfort,Frankfort,38.1924,-84.8644,United States,US,USA,Kentucky,admin,38664,1840013210
Nueva Gerona,Nueva Gerona,21.8837,-82.8,Cuba,CU,CUB,Isla de la Juventud,admin,25566,1192344354
Pierre,Pierre,44.3748,-100.3205,United States,US,USA,South Dakota,admin,14803,1840000313
Montpelier,Montpelier,44.2658,-72.5717,United States,US,USA,Vermont,admin,7484,1840002187
Hartford,Hartford,43.621,-96.9424,United States,US,USA,South Dakota,admin,3237,1840002653
Dover,Dover,40.0033,-76.8484,United States,US,USA,Pennsylvania,admin,1991,1840001442
Siuslaw National Forest,,44.358715,-123.829994,United States,,,Nat’l Park,,,
Whiskeytown National Recreation Area,,40.633495,-122.564247,United States,,,Nat’l Park,,,
Mount Rainier National Park,,46.879967,-121.726906,United States,,,Nat’l Park,,,
Channel Islands National Park,,33.998028,-119.772949,United States,,,Nat’l Park,,,
Yosemite National Park,,37.865101,-119.53833,United States,,,Nat’l Park,,,
Joshua Tree National Park,,33.881866,-115.90065,United States,,,Nat’l Park,,,
Mojave National Preserve,,35.141689,-115.510399,United States,,,Nat’l Park,,,
Zion National Park,,37.317207,-113.022537,United States,,,Nat’l Park,,,
Manti-La Sal National Forest,,39.18705,-111.37989,United States,,,Nat’l Park,,,
Yellowstone National Park,,44.427895,-110.588379,United States,,,Nat’l Park,,,
Yellowstone National Park,,44.429764,-110.584663,United States,,,Nat’l Park,,,
Petrified Forest National Park,,34.909988,-109.806793,United States,,,Nat’l Park,,,
Arches National Park,,38.733082,-109.592514,United States,,,Nat’l Park,,,
Mesa Verde National Park,,37.230873,-108.461838,United States,,,Nat’l Park,,,
Bandelier National Monument,,35.767288,-106.311607,United States,,,Nat’l Park,,,
Little Sandy National Wildlife Refuge,,32.590797,-95.273666,United States,,,Nat’l Park,,,
Anahuac National Wildlife Refuge,,29.6103,-94.449081,United States,,,Nat’l Park,,,
Hot Springs National Park,,34.52153,-93.042267,United States,,,Nat’l Park,,,
Buffalo National River,,35.985512,-92.757652,United States,,,Nat’l Park,,,
Chattahoochee National Forest,,34.765972,-84.143517,United States,,,Nat’l Park,,,
Great Smoky Mountains National Park,,35.611763,-83.489548,United States,,,Nat’l Park,,,
Okefenokee National Wildlife Refuge,,30.77323,-82.292732,United States,,,Nat’l Park,,,
Acadia National Park,,44.338974,-68.27343,United States,,,Nat’l Park,,,
